artist_name,artist_id,album_id,album_type,album_images,album_release_date,album_release_year,album_release_date_precision,danceability,energy,key,loudness,mode,speechiness,acousticness,instrumentalness,liveness,valence,tempo,track_id,analysis_url,time_signature,artists,available_markets,disc_number,duration_ms,explicit,track_href,is_local,track_name,track_preview_url,track_number,type,track_uri,external_urls.spotify,album_name,key_name,mode_name,key_mode
Sharon Van Etten,2wJ4vsxWd7df7dRU4KcoDe,55k2y2CMY7Xkw7T3t26MTS,album,,2022-11-11,2022,day,0.242,0.45,2,-10.535,1,0.0372,0.171,2.62e-4,0.0835,0.0675,97.855,4vzheKJ4T7vtewqPLH4jBW,https://api.spotify.com/v1/audio-analysis/4vzheKJ4T7vtewqPLH4jBW,4,,,1,273560,FALSE,https://api.spotify.com/v1/tracks/4vzheKJ4T7vtewqPLH4jBW,FALSE,Darkness Fades,https://p.scdn.co/mp3-preview/3a95438bd0f45565d172b664fb9728087d8dea64?cid=32b061919ffd4e3886beaf5eae45c9eb,1,track,spotify:track:4vzheKJ4T7vtewqPLH4jBW,https://open.spotify.com/track/4vzheKJ4T7vtewqPLH4jBW,We've Been Going About This All Wrong (Deluxe Edition),D,major,D major
Sharon Van Etten,2wJ4vsxWd7df7dRU4KcoDe,55k2y2CMY7Xkw7T3t26MTS,album,,2022-11-11,2022,day,0.593,0.373,9,-9.383,0,0.0253,0.108,0.366,0.0924,0.242,99.938,20X8QOhmCu5gX8fxjTCCRD,https://api.spotify.com/v1/audio-analysis/20X8QOhmCu5gX8fxjTCCRD,4,,,1,218533,FALSE,https://api.spotify.com/v1/tracks/20X8QOhmCu5gX8fxjTCCRD,FALSE,Home to Me,https://p.scdn.co/mp3-preview/9b68d05bed1b96a0d147c2292617834da81e7f0b?cid=32b061919ffd4e3886beaf5eae45c9eb,2,track,spotify:track:20X8QOhmCu5gX8fxjTCCRD,https://open.spotify.com/track/20X8QOhmCu5gX8fxjTCCRD,We've Been Going About This All Wrong (Deluxe Edition),A,minor,A minor
Sharon Van Etten,2wJ4vsxWd7df7dRU4KcoDe,55k2y2CMY7Xkw7T3t26MTS,album,,2022-11-11,2022,day,0.453,0.621,5,-7.81,1,0.0304,0.00336,0.106,0.0832,0.316,101.026,1j05GjDriIklmdItfijzwg,https://api.spotify.com/v1/audio-analysis/1j05GjDriIklmdItfijzwg,4,,,1,187613,FALSE,https://api.spotify.com/v1/tracks/1j05GjDriIklmdItfijzwg,FALSE,I'll Try,https://p.scdn.co/mp3-preview/58c81da23e6971326b375cb494c0168069528a1d?cid=32b061919ffd4e3886beaf5eae45c9eb,3,track,spotify:track:1j05GjDriIklmdItfijzwg,https://open.spotify.com/track/1j05GjDriIklmdItfijzwg,We've Been Going About This All Wrong (Deluxe Edition),F,major,F major
Sharon Van Etten,2wJ4vsxWd7df7dRU4KcoDe,55k2y2CMY7Xkw7T3t26MTS,album,,2022-11-11,2022,day,0.489,0.717,9,-7.627,1,0.0324,0.00496,0.00655,0.0905,0.15,99.913,2fURyKFnfufJDryD0fvxG0,https://api.spotify.com/v1/audio-analysis/2fURyKFnfufJDryD0fvxG0,4,,,1,158440,FALSE,https://api.spotify.com/v1/tracks/2fURyKFnfufJDryD0fvxG0,FALSE,Anything,https://p.scdn.co/mp3-preview/2f8a88372349ba861283cd8250b71beba3f62616?cid=32b061919ffd4e3886beaf5eae45c9eb,4,track,spotify:track:2fURyKFnfufJDryD0fvxG0,https://open.spotify.com/track/2fURyKFnfufJDryD0fvxG0,We've Been Going About This All Wrong (Deluxe Edition),A,major,A major
Sharon Van Etten,2wJ4vsxWd7df7dRU4KcoDe,55k2y2CMY7Xkw7T3t26MTS,album,,2022-11-11,2022,day,0.509,0.359,7,-10.116,0,0.0284,0.0192,0.00983,0.133,0.262,119.837,29YsqWWkfXx8VanLAoH6Pv,https://api.spotify.com/v1/audio-analysis/29YsqWWkfXx8VanLAoH6Pv,4,,,1,302413,FALSE,https://api.spotify.com/v1/tracks/29YsqWWkfXx8VanLAoH6Pv,FALSE,Born,https://p.scdn.co/mp3-preview/8406c1132ca7b9ff4a876063d5842111813aa8fd?cid=32b061919ffd4e3886beaf5eae45c9eb,5,track,spotify:track:29YsqWWkfXx8VanLAoH6Pv,https://open.spotify.com/track/29YsqWWkfXx8VanLAoH6Pv,We've Been Going About This All Wrong (Deluxe Edition),G,minor,G minor
Sharon Van Etten,2wJ4vsxWd7df7dRU4KcoDe,55k2y2CMY7Xkw7T3t26MTS,album,,2022-11-11,2022,day,0.489,0.767,9,-6.787,0,0.0383,2.21e-4,0.178,0.849,0.325,122.924,0r1QbkYiDL6skMykjUFxfe,https://api.spotify.com/v1/audio-analysis/0r1QbkYiDL6skMykjUFxfe,4,,,1,266013,FALSE,https://api.spotify.com/v1/tracks/0r1QbkYiDL6skMykjUFxfe,FALSE,Headspace,https://p.scdn.co/mp3-preview/143aed834e35fde30a0956c67bb31fa09766c338?cid=32b061919ffd4e3886beaf5eae45c9eb,6,track,spotify:track:0r1QbkYiDL6skMykjUFxfe,https://open.spotify.com/track/0r1QbkYiDL6skMykjUFxfe,We've Been Going About This All Wrong (Deluxe Edition),A,minor,A minor
Sharon Van Etten,2wJ4vsxWd7df7dRU4KcoDe,55k2y2CMY7Xkw7T3t26MTS,album,,2022-11-11,2022,day,0.334,0.344,4,-8.168,1,0.0288,0.215,1.3e-4,0.113,0.173,128.475,1i779BR4wOj5z6NRxwosZa,https://api.spotify.com/v1/audio-analysis/1i779BR4wOj5z6NRxwosZa,4,,,1,269960,FALSE,https://api.spotify.com/v1/tracks/1i779BR4wOj5z6NRxwosZa,FALSE,Come Back,https://p.scdn.co/mp3-preview/405958399bedd8f6f3b5734b4f975457ae841c49?cid=32b061919ffd4e3886beaf5eae45c9eb,7,track,spotify:track:1i779BR4wOj5z6NRxwosZa,https://open.spotify.com/track/1i779BR4wOj5z6NRxwosZa,We've Been Going About This All Wrong (Deluxe Edition),E,major,E major
Sharon Van Etten,2wJ4vsxWd7df7dRU4KcoDe,55k2y2CMY7Xkw7T3t26MTS,album,,2022-11-11,2022,day,0.217,0.054,9,-16.463,1,0.0348,0.947,0,0.228,0.0693,175.821,3YSvzjSuKBrzBqIlajLMLS,https://api.spotify.com/v1/audio-analysis/3YSvzjSuKBrzBqIlajLMLS,3,,,1,244760,FALSE,https://api.spotify.com/v1/tracks/3YSvzjSuKBrzBqIlajLMLS,FALSE,Darkish,https://p.scdn.co/mp3-preview/8e0b5addd1a19105efd5a658549deba86b8e212d?cid=32b061919ffd4e3886beaf5eae45c9eb,8,track,spotify:track:3YSvzjSuKBrzBqIlajLMLS,https://open.spotify.com/track/3YSvzjSuKBrzBqIlajLMLS,We've Been Going About This All Wrong (Deluxe Edition),A,major,A major
Sharon Van Etten,2wJ4vsxWd7df7dRU4KcoDe,55k2y2CMY7Xkw7T3t26MTS,album,,2022-11-11,2022,day,0.571,0.777,6,-7.828,1,0.0273,0.00283,0.604,0.181,0.515,99.901,1guZoNOer88c43c3PwoS7d,https://api.spotify.com/v1/audio-analysis/1guZoNOer88c43c3PwoS7d,4,,,1,239146,FALSE,https://api.spotify.com/v1/tracks/1guZoNOer88c43c3PwoS7d,FALSE,Mistakes,https://p.scdn.co/mp3-preview/0741fc44aaa717502e5136f7441defd0f6dd7fab?cid=32b061919ffd4e3886beaf5eae45c9eb,9,track,spotify:track:1guZoNOer88c43c3PwoS7d,https://open.spotify.com/track/1guZoNOer88c43c3PwoS7d,We've Been Going About This All Wrong (Deluxe Edition),F#,major,F# major
Sharon Van Etten,2wJ4vsxWd7df7dRU4KcoDe,55k2y2CMY7Xkw7T3t26MTS,album,,2022-11-11,2022,day,0.431,0.396,0,-7.768,1,0.0254,0.44,0.00144,0.128,0.164,62.427,0zrBiG42TrzJ6I4Oy79Kkv,https://api.spotify.com/v1/audio-analysis/0zrBiG42TrzJ6I4Oy79Kkv,4,,,1,199093,FALSE,https://api.spotify.com/v1/tracks/0zrBiG42TrzJ6I4Oy79Kkv,FALSE,Far Away,https://p.scdn.co/mp3-preview/29abadb739452dbf4b52791c9ab3c60c9851775b?cid=32b061919ffd4e3886beaf5eae45c9eb,10,track,spotify:track:0zrBiG42TrzJ6I4Oy79Kkv,https://open.spotify.com/track/0zrBiG42TrzJ6I4Oy79Kkv,We've Been Going About This All Wrong (Deluxe Edition),C,major,C major
Sharon Van Etten,2wJ4vsxWd7df7dRU4KcoDe,55k2y2CMY7Xkw7T3t26MTS,album,,2022-11-11,2022,day,0.471,0.725,1,-6.766,0,0.0402,0.0195,0.351,0.123,0.111,126.934,1CV3ROoI5E5X9B4v1YGGWW,https://api.spotify.com/v1/audio-analysis/1CV3ROoI5E5X9B4v1YGGWW,4,,,1,218720,FALSE,https://api.spotify.com/v1/tracks/1CV3ROoI5E5X9B4v1YGGWW,FALSE,Never Gonna Change,https://p.scdn.co/mp3-preview/e4c8e2bcdc661ddac895fda72e216d00637882c5?cid=32b061919ffd4e3886beaf5eae45c9eb,11,track,spotify:track:1CV3ROoI5E5X9B4v1YGGWW,https://open.spotify.com/track/1CV3ROoI5E5X9B4v1YGGWW,We've Been Going About This All Wrong (Deluxe Edition),C#,minor,C# minor
Sharon Van Etten,2wJ4vsxWd7df7dRU4KcoDe,55k2y2CMY7Xkw7T3t26MTS,album,,2022-11-11,2022,day,0.561,0.593,7,-8.365,1,0.0467,2.37e-4,0.174,0.0835,0.37,120.204,0Ofq6OUUf5od1LOZGIK7IT,https://api.spotify.com/v1/audio-analysis/0Ofq6OUUf5od1LOZGIK7IT,4,,,1,206960,FALSE,https://api.spotify.com/v1/tracks/0Ofq6OUUf5od1LOZGIK7IT,FALSE,Porta,https://p.scdn.co/mp3-preview/c786d1580f2f51f887db954a7536a10c0e4c3d7e?cid=32b061919ffd4e3886beaf5eae45c9eb,12,track,spotify:track:0Ofq6OUUf5od1LOZGIK7IT,https://open.spotify.com/track/0Ofq6OUUf5od1LOZGIK7IT,We've Been Going About This All Wrong (Deluxe Edition),G,major,G major
Sharon Van Etten,2wJ4vsxWd7df7dRU4KcoDe,55k2y2CMY7Xkw7T3t26MTS,album,,2022-11-11,2022,day,0.459,0.498,0,-11.321,1,0.027,0.576,0.506,0.0695,0.399,81.383,0atYSpgYxLyNRfwqKBpc5H,https://api.spotify.com/v1/audio-analysis/0atYSpgYxLyNRfwqKBpc5H,3,,,1,271120,FALSE,https://api.spotify.com/v1/tracks/0atYSpgYxLyNRfwqKBpc5H,FALSE,Used To It,https://p.scdn.co/mp3-preview/82e019908e387e8523bbe1b5f71367070f7e89e6?cid=32b061919ffd4e3886beaf5eae45c9eb,13,track,spotify:track:0atYSpgYxLyNRfwqKBpc5H,https://open.spotify.com/track/0atYSpgYxLyNRfwqKBpc5H,We've Been Going About This All Wrong (Deluxe Edition),C,major,C major
Sharon Van Etten,2wJ4vsxWd7df7dRU4KcoDe,55k2y2CMY7Xkw7T3t26MTS,album,,2022-11-11,2022,day,0.499,0.66,4,-8.235,1,0.0278,0.0062,0.00307,0.111,0.293,101.55,6lhhLvkwJniNGJmZ01MCtI,https://api.spotify.com/v1/audio-analysis/6lhhLvkwJniNGJmZ01MCtI,4,,,1,285266,FALSE,https://api.spotify.com/v1/tracks/6lhhLvkwJniNGJmZ01MCtI,FALSE,When I Die,https://p.scdn.co/mp3-preview/3fdbf1e58f34cbfbed5365b3d73dd854eff21dc5?cid=32b061919ffd4e3886beaf5eae45c9eb,14,track,spotify:track:6lhhLvkwJniNGJmZ01MCtI,https://open.spotify.com/track/6lhhLvkwJniNGJmZ01MCtI,We've Been Going About This All Wrong (Deluxe Edition),E,major,E major
Sharon Van Etten,2wJ4vsxWd7df7dRU4KcoDe,3PqowBonjatEu0P7g5AIHr,album,,2022-05-06,2022,day,0.253,0.452,2,-10.537,1,0.0369,0.176,3.26e-4,0.0834,0.0721,100.651,0NAcDFrzFFLYym7hlraGY0,https://api.spotify.com/v1/audio-analysis/0NAcDFrzFFLYym7hlraGY0,4,,,1,273560,FALSE,https://api.spotify.com/v1/tracks/0NAcDFrzFFLYym7hlraGY0,FALSE,Darkness Fades,https://p.scdn.co/mp3-preview/2b5b79d9a9fd146ee7384c16a326657b1748bcef?cid=32b061919ffd4e3886beaf5eae45c9eb,1,track,spotify:track:0NAcDFrzFFLYym7hlraGY0,https://open.spotify.com/track/0NAcDFrzFFLYym7hlraGY0,We've Been Going About This All Wrong,D,major,D major
Sharon Van Etten,2wJ4vsxWd7df7dRU4KcoDe,3PqowBonjatEu0P7g5AIHr,album,,2022-05-06,2022,day,0.591,0.374,9,-9.383,0,0.0253,0.112,0.381,0.0921,0.24,99.932,4bjo7Ae7NUu1cz4jDzXNaK,https://api.spotify.com/v1/audio-analysis/4bjo7Ae7NUu1cz4jDzXNaK,4,,,1,218533,FALSE,https://api.spotify.com/v1/tracks/4bjo7Ae7NUu1cz4jDzXNaK,FALSE,Home to Me,https://p.scdn.co/mp3-preview/147b9d3641e28e5e5eed281dcd478e6384c0e1c5?cid=32b061919ffd4e3886beaf5eae45c9eb,2,track,spotify:track:4bjo7Ae7NUu1cz4jDzXNaK,https://open.spotify.com/track/4bjo7Ae7NUu1cz4jDzXNaK,We've Been Going About This All Wrong,A,minor,A minor
Sharon Van Etten,2wJ4vsxWd7df7dRU4KcoDe,3PqowBonjatEu0P7g5AIHr,album,,2022-05-06,2022,day,0.454,0.621,5,-7.815,1,0.0305,0.00341,0.0919,0.0833,0.357,101.034,4MZsozUZhbwLb5QFNh8t77,https://api.spotify.com/v1/audio-analysis/4MZsozUZhbwLb5QFNh8t77,4,,,1,187613,FALSE,https://api.spotify.com/v1/tracks/4MZsozUZhbwLb5QFNh8t77,FALSE,I'll Try,https://p.scdn.co/mp3-preview/26261fa97005b8bbfe279e58b894c9f484bde3ac?cid=32b061919ffd4e3886beaf5eae45c9eb,3,track,spotify:track:4MZsozUZhbwLb5QFNh8t77,https://open.spotify.com/track/4MZsozUZhbwLb5QFNh8t77,We've Been Going About This All Wrong,F,major,F major
Sharon Van Etten,2wJ4vsxWd7df7dRU4KcoDe,3PqowBonjatEu0P7g5AIHr,album,,2022-05-06,2022,day,0.492,0.721,9,-7.626,1,0.0328,0.0049,0.00659,0.0907,0.157,99.904,0CRURHlmneilmPXh9rFESw,https://api.spotify.com/v1/audio-analysis/0CRURHlmneilmPXh9rFESw,4,,,1,158440,FALSE,https://api.spotify.com/v1/tracks/0CRURHlmneilmPXh9rFESw,FALSE,Anything,https://p.scdn.co/mp3-preview/c72c5806ce8a58cbe6f1beef7f8dbbd976335214?cid=32b061919ffd4e3886beaf5eae45c9eb,4,track,spotify:track:0CRURHlmneilmPXh9rFESw,https://open.spotify.com/track/0CRURHlmneilmPXh9rFESw,We've Been Going About This All Wrong,A,major,A major
Sharon Van Etten,2wJ4vsxWd7df7dRU4KcoDe,3PqowBonjatEu0P7g5AIHr,album,,2022-05-06,2022,day,0.502,0.358,7,-10.111,0,0.0288,0.0205,0.0111,0.133,0.262,119.779,4EVKNIqFwV98Cd01JKhEze,https://api.spotify.com/v1/audio-analysis/4EVKNIqFwV98Cd01JKhEze,4,,,1,302413,FALSE,https://api.spotify.com/v1/tracks/4EVKNIqFwV98Cd01JKhEze,FALSE,Born,https://p.scdn.co/mp3-preview/a09167578edbfb63128ae45d34d33384c39216a0?cid=32b061919ffd4e3886beaf5eae45c9eb,5,track,spotify:track:4EVKNIqFwV98Cd01JKhEze,https://open.spotify.com/track/4EVKNIqFwV98Cd01JKhEze,We've Been Going About This All Wrong,G,minor,G minor
Sharon Van Etten,2wJ4vsxWd7df7dRU4KcoDe,3PqowBonjatEu0P7g5AIHr,album,,2022-05-06,2022,day,0.488,0.763,9,-6.793,0,0.0387,2.22e-4,0.171,0.872,0.321,122.93,5JvibHgvp1ZyMCKlgFdMcw,https://api.spotify.com/v1/audio-analysis/5JvibHgvp1ZyMCKlgFdMcw,4,,,1,266013,FALSE,https://api.spotify.com/v1/tracks/5JvibHgvp1ZyMCKlgFdMcw,FALSE,Headspace,https://p.scdn.co/mp3-preview/c2a68ebe24348cd7b10ade6b91a37f9f5f1763c9?cid=32b061919ffd4e3886beaf5eae45c9eb,6,track,spotify:track:5JvibHgvp1ZyMCKlgFdMcw,https://open.spotify.com/track/5JvibHgvp1ZyMCKlgFdMcw,We've Been Going About This All Wrong,A,minor,A minor
Sharon Van Etten,2wJ4vsxWd7df7dRU4KcoDe,3PqowBonjatEu0P7g5AIHr,album,,2022-05-06,2022,day,0.332,0.346,4,-8.15,1,0.0289,0.215,1.18e-4,0.114,0.181,128.376,6UxAuMIrlJfVfFTd93MF2E,https://api.spotify.com/v1/audio-analysis/6UxAuMIrlJfVfFTd93MF2E,4,,,1,269960,FALSE,https://api.spotify.com/v1/tracks/6UxAuMIrlJfVfFTd93MF2E,FALSE,Come Back,https://p.scdn.co/mp3-preview/a08b66fe41e9fdc4ba590663cf7627fa3e12a26b?cid=32b061919ffd4e3886beaf5eae45c9eb,7,track,spotify:track:6UxAuMIrlJfVfFTd93MF2E,https://open.spotify.com/track/6UxAuMIrlJfVfFTd93MF2E,We've Been Going About This All Wrong,E,major,E major
Sharon Van Etten,2wJ4vsxWd7df7dRU4KcoDe,3PqowBonjatEu0P7g5AIHr,album,,2022-05-06,2022,day,0.339,0.0528,9,-16.434,1,0.0345,0.947,0,0.213,0.0685,114.26,1kZ50e56jQtzJKw7QJFC4Q,https://api.spotify.com/v1/audio-analysis/1kZ50e56jQtzJKw7QJFC4Q,4,,,1,244760,FALSE,https://api.spotify.com/v1/tracks/1kZ50e56jQtzJKw7QJFC4Q,FALSE,Darkish,https://p.scdn.co/mp3-preview/8e3a8418bc374e7bd75f0aff0e4b25410723fe63?cid=32b061919ffd4e3886beaf5eae45c9eb,8,track,spotify:track:1kZ50e56jQtzJKw7QJFC4Q,https://open.spotify.com/track/1kZ50e56jQtzJKw7QJFC4Q,We've Been Going About This All Wrong,A,major,A major
Sharon Van Etten,2wJ4vsxWd7df7dRU4KcoDe,3PqowBonjatEu0P7g5AIHr,album,,2022-05-06,2022,day,0.571,0.775,6,-7.83,1,0.0273,0.00278,0.59,0.182,0.515,99.902,4WYVA9t70fpESE1mychdZL,https://api.spotify.com/v1/audio-analysis/4WYVA9t70fpESE1mychdZL,4,,,1,239146,FALSE,https://api.spotify.com/v1/tracks/4WYVA9t70fpESE1mychdZL,FALSE,Mistakes,https://p.scdn.co/mp3-preview/846cd093f2a2dcf7e949da2faea4766c3ef45486?cid=32b061919ffd4e3886beaf5eae45c9eb,9,track,spotify:track:4WYVA9t70fpESE1mychdZL,https://open.spotify.com/track/4WYVA9t70fpESE1mychdZL,We've Been Going About This All Wrong,F#,major,F# major
Sharon Van Etten,2wJ4vsxWd7df7dRU4KcoDe,3PqowBonjatEu0P7g5AIHr,album,,2022-05-06,2022,day,0.426,0.397,0,-7.751,1,0.0255,0.44,0.00135,0.128,0.185,62.448,5JucehRNSZbR80Kh1bz9BX,https://api.spotify.com/v1/audio-analysis/5JucehRNSZbR80Kh1bz9BX,4,,,1,199093,FALSE,https://api.spotify.com/v1/tracks/5JucehRNSZbR80Kh1bz9BX,FALSE,Far Away,https://p.scdn.co/mp3-preview/c48ff734c1858a895ad031786196990160b8ab75?cid=32b061919ffd4e3886beaf5eae45c9eb,10,track,spotify:track:5JucehRNSZbR80Kh1bz9BX,https://open.spotify.com/track/5JucehRNSZbR80Kh1bz9BX,We've Been Going About This All Wrong,C,major,C major
Sharon Van Etten,2wJ4vsxWd7df7dRU4KcoDe,5puci7s1cYi93iBURc6z4T,album,,2021-04-16,2021,day,0.445,0.462,6,-8.079,0,0.0361,0.456,0,0.217,0.209,78.458,5wIea6rmDFbFQAlLnhEv8a,https://api.spotify.com/v1/audio-analysis/5wIea6rmDFbFQAlLnhEv8a,4,,,1,193946,FALSE,https://api.spotify.com/v1/tracks/5wIea6rmDFbFQAlLnhEv8a,FALSE,A Crime,https://p.scdn.co/mp3-preview/04ae732ea689b3cf3183a2ac8d6867dff8a66af4?cid=32b061919ffd4e3886beaf5eae45c9eb,1,track,spotify:track:5wIea6rmDFbFQAlLnhEv8a,https://open.spotify.com/track/5wIea6rmDFbFQAlLnhEv8a,Epic Ten,F#,minor,F# minor
Sharon Van Etten,2wJ4vsxWd7df7dRU4KcoDe,5puci7s1cYi93iBURc6z4T,album,,2021-04-16,2021,day,0.572,0.879,2,-6.575,1,0.0357,0.1,0.211,0.0768,0.58,128.033,2K2b3lVP4NcKmrJKEq96iU,https://api.spotify.com/v1/audio-analysis/2K2b3lVP4NcKmrJKEq96iU,4,,,1,173160,FALSE,https://api.spotify.com/v1/tracks/2K2b3lVP4NcKmrJKEq96iU,FALSE,Peace Signs,https://p.scdn.co/mp3-preview/eeb88724dfbeff04e7bd801fe8c0c41236050962?cid=32b061919ffd4e3886beaf5eae45c9eb,2,track,spotify:track:2K2b3lVP4NcKmrJKEq96iU,https://open.spotify.com/track/2K2b3lVP4NcKmrJKEq96iU,Epic Ten,D,major,D major
Sharon Van Etten,2wJ4vsxWd7df7dRU4KcoDe,5puci7s1cYi93iBURc6z4T,album,,2021-04-16,2021,day,0.524,0.583,2,-6.689,1,0.0236,0.106,4.15e-5,0.0867,0.317,76.195,1cBXnJrodwBz89ylkEpKHJ,https://api.spotify.com/v1/audio-analysis/1cBXnJrodwBz89ylkEpKHJ,4,,,1,299720,FALSE,https://api.spotify.com/v1/tracks/1cBXnJrodwBz89ylkEpKHJ,FALSE,Save Yourself,https://p.scdn.co/mp3-preview/8870a4731dc0c25c463a2adf5e433d77383f6487?cid=32b061919ffd4e3886beaf5eae45c9eb,3,track,spotify:track:1cBXnJrodwBz89ylkEpKHJ,https://open.spotify.com/track/1cBXnJrodwBz89ylkEpKHJ,Epic Ten,D,major,D major
Sharon Van Etten,2wJ4vsxWd7df7dRU4KcoDe,5puci7s1cYi93iBURc6z4T,album,,2021-04-16,2021,day,0.114,0.286,3,-10.2,1,0.0418,0.836,9.61e-5,0.389,0.0884,76.757,15eY7ByxPYQKpF3FSnXadX,https://api.spotify.com/v1/audio-analysis/15eY7ByxPYQKpF3FSnXadX,4,,,1,361040,FALSE,https://api.spotify.com/v1/tracks/15eY7ByxPYQKpF3FSnXadX,FALSE,DsharpG,https://p.scdn.co/mp3-preview/a586396707a87fa516f2dff54ae502d0738b8647?cid=32b061919ffd4e3886beaf5eae45c9eb,4,track,spotify:track:15eY7ByxPYQKpF3FSnXadX,https://open.spotify.com/track/15eY7ByxPYQKpF3FSnXadX,Epic Ten,D#,major,D# major
Sharon Van Etten,2wJ4vsxWd7df7dRU4KcoDe,5puci7s1cYi93iBURc6z4T,album,,2021-04-16,2021,day,0.218,0.679,6,-6.435,1,0.0318,0.0318,0.0298,0.105,0.17,162.068,0vcvxYWADFt9v9ZzdZ606N,https://api.spotify.com/v1/audio-analysis/0vcvxYWADFt9v9ZzdZ606N,4,,,1,305600,FALSE,https://api.spotify.com/v1/tracks/0vcvxYWADFt9v9ZzdZ606N,FALSE,Don't Do It,https://p.scdn.co/mp3-preview/c32f5d152149cd26e4bad2e9253afbcb6aa190f2?cid=32b061919ffd4e3886beaf5eae45c9eb,5,track,spotify:track:0vcvxYWADFt9v9ZzdZ606N,https://open.spotify.com/track/0vcvxYWADFt9v9ZzdZ606N,Epic Ten,F#,major,F# major
Sharon Van Etten,2wJ4vsxWd7df7dRU4KcoDe,5puci7s1cYi93iBURc6z4T,album,,2021-04-16,2021,day,0.596,0.525,4,-6.994,1,0.0283,0.0631,0,0.348,0.473,120.058,1kxob0ar9s23FbJKFTakOK,https://api.spotify.com/v1/audio-analysis/1kxob0ar9s23FbJKFTakOK,4,,,1,283573,FALSE,https://api.spotify.com/v1/tracks/1kxob0ar9s23FbJKFTakOK,FALSE,One Day,https://p.scdn.co/mp3-preview/9d68ea4eb3d3096951bb88a1b19a6a2d1c45f69d?cid=32b061919ffd4e3886beaf5eae45c9eb,6,track,spotify:track:1kxob0ar9s23FbJKFTakOK,https://open.spotify.com/track/1kxob0ar9s23FbJKFTakOK,Epic Ten,E,major,E major
Sharon Van Etten,2wJ4vsxWd7df7dRU4KcoDe,5puci7s1cYi93iBURc6z4T,album,,2021-04-16,2021,day,0.378,0.13,1,-11.393,1,0.0321,0.282,3.93e-5,0.0797,0.0393,70.019,4evRqQUexMROsP0fyIuYgV,https://api.spotify.com/v1/audio-analysis/4evRqQUexMROsP0fyIuYgV,4,,,1,314066,FALSE,https://api.spotify.com/v1/tracks/4evRqQUexMROsP0fyIuYgV,FALSE,Love More,https://p.scdn.co/mp3-preview/4ac61866c8073ceecb28f9c2a1afea977dd1d341?cid=32b061919ffd4e3886beaf5eae45c9eb,7,track,spotify:track:4evRqQUexMROsP0fyIuYgV,https://open.spotify.com/track/4evRqQUexMROsP0fyIuYgV,Epic Ten,C#,major,C# major
Sharon Van Etten,2wJ4vsxWd7df7dRU4KcoDe,5puci7s1cYi93iBURc6z4T,album,,2021-04-16,2021,day,0.262,0.9,6,-4.172,0,0.0523,0.0485,3.99e-5,0.412,0.312,156.051,66KaEPftgdj3MvwOK1Obfn,https://api.spotify.com/v1/audio-analysis/66KaEPftgdj3MvwOK1Obfn,4,,,2,170321,FALSE,https://api.spotify.com/v1/tracks/66KaEPftgdj3MvwOK1Obfn,FALSE,A Crime,https://p.scdn.co/mp3-preview/d9b2dd7fe26d163e7b49dc4e93a4e91d338c5b80?cid=32b061919ffd4e3886beaf5eae45c9eb,1,track,spotify:track:66KaEPftgdj3MvwOK1Obfn,https://open.spotify.com/track/66KaEPftgdj3MvwOK1Obfn,Epic Ten,F#,minor,F# minor
Sharon Van Etten,2wJ4vsxWd7df7dRU4KcoDe,5puci7s1cYi93iBURc6z4T,album,,2021-04-16,2021,day,0.201,0.887,9,-8.483,1,0.141,0.0168,0.179,0.093,0.0364,133.025,2POFtKZA1lsXksmDf78Ozg,https://api.spotify.com/v1/audio-analysis/2POFtKZA1lsXksmDf78Ozg,4,,,2,188990,FALSE,https://api.spotify.com/v1/tracks/2POFtKZA1lsXksmDf78Ozg,FALSE,Peace Signs,https://p.scdn.co/mp3-preview/6e9b294be795486352ea87dbb176d06a725361cb?cid=32b061919ffd4e3886beaf5eae45c9eb,2,track,spotify:track:2POFtKZA1lsXksmDf78Ozg,https://open.spotify.com/track/2POFtKZA1lsXksmDf78Ozg,Epic Ten,A,major,A major
Sharon Van Etten,2wJ4vsxWd7df7dRU4KcoDe,5puci7s1cYi93iBURc6z4T,album,,2021-04-16,2021,day,0.412,0.598,0,-6.656,1,0.0278,0.147,0.00175,0.0953,0.307,135.184,1MUMeTbRDcMz4GDbZILGcU,https://api.spotify.com/v1/audio-analysis/1MUMeTbRDcMz4GDbZILGcU,4,,,2,345197,FALSE,https://api.spotify.com/v1/tracks/1MUMeTbRDcMz4GDbZILGcU,FALSE,Save Yourself,https://p.scdn.co/mp3-preview/c660d893c3440469ad064f3a276a005eacec19ec?cid=32b061919ffd4e3886beaf5eae45c9eb,3,track,spotify:track:1MUMeTbRDcMz4GDbZILGcU,https://open.spotify.com/track/1MUMeTbRDcMz4GDbZILGcU,Epic Ten,C,major,C major
Sharon Van Etten,2wJ4vsxWd7df7dRU4KcoDe,5puci7s1cYi93iBURc6z4T,album,,2021-04-16,2021,day,0.443,0.415,5,-7.174,0,0.0275,0.473,0.00615,0.108,0.0744,109.491,3B7zM6Ebe8udFOmpLNYYpO,https://api.spotify.com/v1/audio-analysis/3B7zM6Ebe8udFOmpLNYYpO,3,,,2,282381,FALSE,https://api.spotify.com/v1/tracks/3B7zM6Ebe8udFOmpLNYYpO,FALSE,DsharpG,https://p.scdn.co/mp3-preview/1de8766e219e0d9bd4ddbd6973c3d248ef462d24?cid=32b061919ffd4e3886beaf5eae45c9eb,4,track,spotify:track:3B7zM6Ebe8udFOmpLNYYpO,https://open.spotify.com/track/3B7zM6Ebe8udFOmpLNYYpO,Epic Ten,F,minor,F minor
Sharon Van Etten,2wJ4vsxWd7df7dRU4KcoDe,5puci7s1cYi93iBURc6z4T,album,,2021-04-16,2021,day,0.543,0.567,3,-9.293,1,0.0251,0.0348,2.29e-6,0.124,0.681,80.039,2BoWMwR1iCy4OHYbwkMuGX,https://api.spotify.com/v1/audio-analysis/2BoWMwR1iCy4OHYbwkMuGX,4,,,2,288480,FALSE,https://api.spotify.com/v1/tracks/2BoWMwR1iCy4OHYbwkMuGX,FALSE,Don't Do It,https://p.scdn.co/mp3-preview/3b4ca279adf4f18efb43260a9b05fb4a02a3b96a?cid=32b061919ffd4e3886beaf5eae45c9eb,5,track,spotify:track:2BoWMwR1iCy4OHYbwkMuGX,https://open.spotify.com/track/2BoWMwR1iCy4OHYbwkMuGX,Epic Ten,D#,major,D# major
Sharon Van Etten,2wJ4vsxWd7df7dRU4KcoDe,5puci7s1cYi93iBURc6z4T,album,,2021-04-16,2021,day,0.725,0.564,6,-12.6,0,0.0368,0.0968,0.00937,0.0864,0.721,119.088,0krpBelJJZNBQvAr3yPL3X,https://api.spotify.com/v1/audio-analysis/0krpBelJJZNBQvAr3yPL3X,4,,,2,246183,FALSE,https://api.spotify.com/v1/tracks/0krpBelJJZNBQvAr3yPL3X,FALSE,One Day,https://p.scdn.co/mp3-preview/405737eaac59eb243a96ab6be13106d4894f67b8?cid=32b061919ffd4e3886beaf5eae45c9eb,6,track,spotify:track:0krpBelJJZNBQvAr3yPL3X,https://open.spotify.com/track/0krpBelJJZNBQvAr3yPL3X,Epic Ten,F#,minor,F# minor
Sharon Van Etten,2wJ4vsxWd7df7dRU4KcoDe,5puci7s1cYi93iBURc6z4T,album,,2021-04-16,2021,day,0.605,0.442,8,-14.252,1,0.0623,0.29,0.0122,0.219,0.72,139.979,5Nt62jCYyNKtllWgA9DtAC,https://api.spotify.com/v1/audio-analysis/5Nt62jCYyNKtllWgA9DtAC,4,,,2,272067,FALSE,https://api.spotify.com/v1/tracks/5Nt62jCYyNKtllWgA9DtAC,FALSE,Love More,https://p.scdn.co/mp3-preview/4abf11738fe341f89dbbc203e5543a929ffc1c1b?cid=32b061919ffd4e3886beaf5eae45c9eb,7,track,spotify:track:5Nt62jCYyNKtllWgA9DtAC,https://open.spotify.com/track/5Nt62jCYyNKtllWgA9DtAC,Epic Ten,G#,major,G# major
Sharon Van Etten,2wJ4vsxWd7df7dRU4KcoDe,4bfvR9TMwCm2tzXpboLH3t,album,,2019-01-18,2019,day,0.33,0.277,0,-9.235,1,0.0384,0.601,8.81e-4,0.0786,0.111,90.741,549RAS6rH3AYH2n5b6CIzz,https://api.spotify.com/v1/audio-analysis/549RAS6rH3AYH2n5b6CIzz,5,,,1,285680,FALSE,https://api.spotify.com/v1/tracks/549RAS6rH3AYH2n5b6CIzz,FALSE,I Told You Everything,https://p.scdn.co/mp3-preview/9d1612e495364f7ebe08c6fd985c86fcb37e68fa?cid=32b061919ffd4e3886beaf5eae45c9eb,1,track,spotify:track:549RAS6rH3AYH2n5b6CIzz,https://open.spotify.com/track/549RAS6rH3AYH2n5b6CIzz,Remind Me Tomorrow,C,major,C major
Sharon Van Etten,2wJ4vsxWd7df7dRU4KcoDe,4bfvR9TMwCm2tzXpboLH3t,album,,2019-01-18,2019,day,0.459,0.882,11,-6.004,0,0.0384,2.31e-4,0.2,0.37,0.49,167.036,3p0YazIk9m0WS11ZtpPa7I,https://api.spotify.com/v1/audio-analysis/3p0YazIk9m0WS11ZtpPa7I,4,,,1,274133,FALSE,https://api.spotify.com/v1/tracks/3p0YazIk9m0WS11ZtpPa7I,FALSE,No One's Easy to Love,https://p.scdn.co/mp3-preview/d26ed39734923664d9a23cbe6d79a5154dac3b72?cid=32b061919ffd4e3886beaf5eae45c9eb,2,track,spotify:track:3p0YazIk9m0WS11ZtpPa7I,https://open.spotify.com/track/3p0YazIk9m0WS11ZtpPa7I,Remind Me Tomorrow,B,minor,B minor
Sharon Van Etten,2wJ4vsxWd7df7dRU4KcoDe,4bfvR9TMwCm2tzXpboLH3t,album,,2019-01-18,2019,day,0.432,0.467,1,-9.16,1,0.027,0.141,0.293,0.102,0.163,87.992,1LJSArNiJuq41EOqj72Tue,https://api.spotify.com/v1/audio-analysis/1LJSArNiJuq41EOqj72Tue,4,,,1,267960,FALSE,https://api.spotify.com/v1/tracks/1LJSArNiJuq41EOqj72Tue,FALSE,Memorial Day,https://p.scdn.co/mp3-preview/1fac252cb9405a3d87a58018c81985700cf7341f?cid=32b061919ffd4e3886beaf5eae45c9eb,3,track,spotify:track:1LJSArNiJuq41EOqj72Tue,https://open.spotify.com/track/1LJSArNiJuq41EOqj72Tue,Remind Me Tomorrow,C#,major,C# major
Sharon Van Etten,2wJ4vsxWd7df7dRU4KcoDe,4bfvR9TMwCm2tzXpboLH3t,album,,2019-01-18,2019,day,0.543,0.928,0,-5.206,1,0.0755,3.29e-4,0.567,0.0328,0.358,120.102,1Qpyt7U1yu4tfuJc4LKuzF,https://api.spotify.com/v1/audio-analysis/1Qpyt7U1yu4tfuJc4LKuzF,4,,,1,182333,FALSE,https://api.spotify.com/v1/tracks/1Qpyt7U1yu4tfuJc4LKuzF,FALSE,Comeback Kid,https://p.scdn.co/mp3-preview/2e9be8486a121559a0c12d41b3cc83c97566e104?cid=32b061919ffd4e3886beaf5eae45c9eb,4,track,spotify:track:1Qpyt7U1yu4tfuJc4LKuzF,https://open.spotify.com/track/1Qpyt7U1yu4tfuJc4LKuzF,Remind Me Tomorrow,C,major,C major
Sharon Van Etten,2wJ4vsxWd7df7dRU4KcoDe,4bfvR9TMwCm2tzXpboLH3t,album,,2019-01-18,2019,day,0.324,0.495,6,-10.625,1,0.0398,0.0171,0.487,0.143,0.0584,177.742,74n118P9h9Sz2AwDSc3f8N,https://api.spotify.com/v1/audio-analysis/74n118P9h9Sz2AwDSc3f8N,4,,,1,314080,FALSE,https://api.spotify.com/v1/tracks/74n118P9h9Sz2AwDSc3f8N,FALSE,Jupiter 4,https://p.scdn.co/mp3-preview/3b99ed3f6bed83e30604cb49ae0c4a62e5ded0a2?cid=32b061919ffd4e3886beaf5eae45c9eb,5,track,spotify:track:74n118P9h9Sz2AwDSc3f8N,https://open.spotify.com/track/74n118P9h9Sz2AwDSc3f8N,Remind Me Tomorrow,F#,major,F# major
Sharon Van Etten,2wJ4vsxWd7df7dRU4KcoDe,4bfvR9TMwCm2tzXpboLH3t,album,,2019-01-18,2019,day,0.538,0.774,5,-7.359,1,0.0484,0.0164,0.265,0.0685,0.249,127.107,5jZoYp0P8ML7AxkS3tQz3j,https://api.spotify.com/v1/audio-analysis/5jZoYp0P8ML7AxkS3tQz3j,4,,,1,265920,FALSE,https://api.spotify.com/v1/tracks/5jZoYp0P8ML7AxkS3tQz3j,FALSE,Seventeen,https://p.scdn.co/mp3-preview/785ae1ba1bd7575b8d6be83c92f7cab1b2c61f75?cid=32b061919ffd4e3886beaf5eae45c9eb,6,track,spotify:track:5jZoYp0P8ML7AxkS3tQz3j,https://open.spotify.com/track/5jZoYp0P8ML7AxkS3tQz3j,Remind Me Tomorrow,F,major,F major
Sharon Van Etten,2wJ4vsxWd7df7dRU4KcoDe,4bfvR9TMwCm2tzXpboLH3t,album,,2019-01-18,2019,day,0.447,0.487,0,-8.462,1,0.0298,0.167,0.0427,0.0909,0.139,116.969,4Qw2I1Jq44J9EH3RRK7wpu,https://api.spotify.com/v1/audio-analysis/4Qw2I1Jq44J9EH3RRK7wpu,4,,,1,203453,FALSE,https://api.spotify.com/v1/tracks/4Qw2I1Jq44J9EH3RRK7wpu,FALSE,Malibu,https://p.scdn.co/mp3-preview/021b6090574569d31397a92a00a66f0284db8836?cid=32b061919ffd4e3886beaf5eae45c9eb,7,track,spotify:track:4Qw2I1Jq44J9EH3RRK7wpu,https://open.spotify.com/track/4Qw2I1Jq44J9EH3RRK7wpu,Remind Me Tomorrow,C,major,C major
Sharon Van Etten,2wJ4vsxWd7df7dRU4KcoDe,4bfvR9TMwCm2tzXpboLH3t,album,,2019-01-18,2019,day,0.463,0.736,0,-3.65,1,0.0396,0.0879,6.53e-6,0.0887,0.202,70.507,6F09XWGVJ8ZCyAp3QGamP2,https://api.spotify.com/v1/audio-analysis/6F09XWGVJ8ZCyAp3QGamP2,4,,,1,194173,FALSE,https://api.spotify.com/v1/tracks/6F09XWGVJ8ZCyAp3QGamP2,FALSE,You Shadow,https://p.scdn.co/mp3-preview/02ba22f6a9c5c8ebcf2479b9d78a69520a50afaf?cid=32b061919ffd4e3886beaf5eae45c9eb,8,track,spotify:track:6F09XWGVJ8ZCyAp3QGamP2,https://open.spotify.com/track/6F09XWGVJ8ZCyAp3QGamP2,Remind Me Tomorrow,C,major,C major
Sharon Van Etten,2wJ4vsxWd7df7dRU4KcoDe,4bfvR9TMwCm2tzXpboLH3t,album,,2019-01-18,2019,day,0.413,0.565,1,-7.25,0,0.0368,9.42e-4,0.782,0.184,0.105,144.004,0TlyyVf9602GTXzzpYHPss,https://api.spotify.com/v1/audio-analysis/0TlyyVf9602GTXzzpYHPss,4,,,1,248720,FALSE,https://api.spotify.com/v1/tracks/0TlyyVf9602GTXzzpYHPss,FALSE,Hands,https://p.scdn.co/mp3-preview/25df83eb9c51e03ba8a16cafa9560e2f7138395f?cid=32b061919ffd4e3886beaf5eae45c9eb,9,track,spotify:track:0TlyyVf9602GTXzzpYHPss,https://open.spotify.com/track/0TlyyVf9602GTXzzpYHPss,Remind Me Tomorrow,C#,minor,C# minor
Sharon Van Etten,2wJ4vsxWd7df7dRU4KcoDe,4bfvR9TMwCm2tzXpboLH3t,album,,2019-01-18,2019,day,0.546,0.511,7,-8.92,1,0.0341,0.595,0.496,0.0626,0.0568,141.899,0OvPnJGzMxPf9IbkOhO6vW,https://api.spotify.com/v1/audio-analysis/0OvPnJGzMxPf9IbkOhO6vW,4,,,1,240840,FALSE,https://api.spotify.com/v1/tracks/0OvPnJGzMxPf9IbkOhO6vW,FALSE,Stay,https://p.scdn.co/mp3-preview/884a0b7cb00d641fae2154616abc7b02350cff58?cid=32b061919ffd4e3886beaf5eae45c9eb,10,track,spotify:track:0OvPnJGzMxPf9IbkOhO6vW,https://open.spotify.com/track/0OvPnJGzMxPf9IbkOhO6vW,Remind Me Tomorrow,G,major,G major
Sharon Van Etten,2wJ4vsxWd7df7dRU4KcoDe,6EQWzHbd3EYO8J4EAIJst4,album,,2014-05-27,2014,day,0.148,0.336,7,-9.183,1,0.0294,0.831,0.00258,0.0763,0.0397,92.106,3IjshyH1qjppgvHWD38TVf,https://api.spotify.com/v1/audio-analysis/3IjshyH1qjppgvHWD38TVf,3,,,1,245160,FALSE,https://api.spotify.com/v1/tracks/3IjshyH1qjppgvHWD38TVf,FALSE,Afraid of Nothing,https://p.scdn.co/mp3-preview/2cc836738a0d4afdea1251a5c4f0c1963aa3e1f1?cid=32b061919ffd4e3886beaf5eae45c9eb,1,track,spotify:track:3IjshyH1qjppgvHWD38TVf,https://open.spotify.com/track/3IjshyH1qjppgvHWD38TVf,Are We There,G,major,G major
Sharon Van Etten,2wJ4vsxWd7df7dRU4KcoDe,6EQWzHbd3EYO8J4EAIJst4,album,,2014-05-27,2014,day,0.527,0.462,7,-7.722,0,0.0262,0.151,0.0136,0.1,0.75,171.906,4V6OQMf2e6cNnwUiV1zTgE,https://api.spotify.com/v1/audio-analysis/4V6OQMf2e6cNnwUiV1zTgE,4,,,1,230453,FALSE,https://api.spotify.com/v1/tracks/4V6OQMf2e6cNnwUiV1zTgE,FALSE,Taking Chances,https://p.scdn.co/mp3-preview/9139d618965b35d4e4df68cb9d247da29838c392?cid=32b061919ffd4e3886beaf5eae45c9eb,2,track,spotify:track:4V6OQMf2e6cNnwUiV1zTgE,https://open.spotify.com/track/4V6OQMf2e6cNnwUiV1zTgE,Are We There,G,minor,G minor
Sharon Van Etten,2wJ4vsxWd7df7dRU4KcoDe,6EQWzHbd3EYO8J4EAIJst4,album,,2014-05-27,2014,day,0.396,0.712,2,-6.27,1,0.0375,0.552,0.373,0.11,0.12,121.003,4H8o2Xd10sJSgAUugTGrWw,https://api.spotify.com/v1/audio-analysis/4H8o2Xd10sJSgAUugTGrWw,4,,,1,378186,FALSE,https://api.spotify.com/v1/tracks/4H8o2Xd10sJSgAUugTGrWw,FALSE,Your Love is Killing Me,https://p.scdn.co/mp3-preview/15fe818e723443ea756fd6f604c03a079bf09ada?cid=32b061919ffd4e3886beaf5eae45c9eb,3,track,spotify:track:4H8o2Xd10sJSgAUugTGrWw,https://open.spotify.com/track/4H8o2Xd10sJSgAUugTGrWw,Are We There,D,major,D major
Sharon Van Etten,2wJ4vsxWd7df7dRU4KcoDe,6EQWzHbd3EYO8J4EAIJst4,album,,2014-05-27,2014,day,0.61,0.514,1,-9.866,0,0.0293,0.134,0.681,0.106,0.395,80.965,2WCCyU7CazujWXYOqNjsLW,https://api.spotify.com/v1/audio-analysis/2WCCyU7CazujWXYOqNjsLW,4,,,1,232760,FALSE,https://api.spotify.com/v1/tracks/2WCCyU7CazujWXYOqNjsLW,FALSE,Our Love,https://p.scdn.co/mp3-preview/94eb6950f4f73e3a86edb421fcf5944370425525?cid=32b061919ffd4e3886beaf5eae45c9eb,4,track,spotify:track:2WCCyU7CazujWXYOqNjsLW,https://open.spotify.com/track/2WCCyU7CazujWXYOqNjsLW,Are We There,C#,minor,C# minor
Sharon Van Etten,2wJ4vsxWd7df7dRU4KcoDe,6EQWzHbd3EYO8J4EAIJst4,album,,2014-05-27,2014,day,0.314,0.328,0,-9.152,1,0.028,0.252,3.34e-4,0.0871,0.103,74.34,5rm0BXilbprpZiBFFJgiFu,https://api.spotify.com/v1/audio-analysis/5rm0BXilbprpZiBFFJgiFu,4,,,1,290613,FALSE,https://api.spotify.com/v1/tracks/5rm0BXilbprpZiBFFJgiFu,FALSE,Tarifa,https://p.scdn.co/mp3-preview/b56cc73576c44933093f5e971cad508c61cdee3d?cid=32b061919ffd4e3886beaf5eae45c9eb,5,track,spotify:track:5rm0BXilbprpZiBFFJgiFu,https://open.spotify.com/track/5rm0BXilbprpZiBFFJgiFu,Are We There,C,major,C major
Sharon Van Etten,2wJ4vsxWd7df7dRU4KcoDe,6EQWzHbd3EYO8J4EAIJst4,album,,2014-05-27,2014,day,0.386,0.205,0,-9.488,1,0.0361,0.89,0,0.0949,0.219,63.136,4YEuoDuUEsMXzi8fpCAlka,https://api.spotify.com/v1/audio-analysis/4YEuoDuUEsMXzi8fpCAlka,4,,,1,258706,FALSE,https://api.spotify.com/v1/tracks/4YEuoDuUEsMXzi8fpCAlka,FALSE,I Love You But I'm Lost,https://p.scdn.co/mp3-preview/12301242b62fb607b5e63758872352d07e25ebbb?cid=32b061919ffd4e3886beaf5eae45c9eb,6,track,spotify:track:4YEuoDuUEsMXzi8fpCAlka,https://open.spotify.com/track/4YEuoDuUEsMXzi8fpCAlka,Are We There,C,major,C major
Sharon Van Etten,2wJ4vsxWd7df7dRU4KcoDe,6EQWzHbd3EYO8J4EAIJst4,album,,2014-05-27,2014,day,0.481,0.514,9,-8.184,0,0.0269,0.722,0.00577,0.0975,0.353,76.019,6pdaBuMv2RI2IpD960z5DY,https://api.spotify.com/v1/audio-analysis/6pdaBuMv2RI2IpD960z5DY,4,,,1,271573,FALSE,https://api.spotify.com/v1/tracks/6pdaBuMv2RI2IpD960z5DY,FALSE,You Know Me Well,https://p.scdn.co/mp3-preview/fd56d57ba618880f34c2b292823f150074e0df90?cid=32b061919ffd4e3886beaf5eae45c9eb,7,track,spotify:track:6pdaBuMv2RI2IpD960z5DY,https://open.spotify.com/track/6pdaBuMv2RI2IpD960z5DY,Are We There,A,minor,A minor
Sharon Van Etten,2wJ4vsxWd7df7dRU4KcoDe,6EQWzHbd3EYO8J4EAIJst4,album,,2014-05-27,2014,day,0.436,0.534,5,-6.638,1,0.0248,0.0942,0.691,0.109,0.101,146.028,2kN1BcwLtcSqWQkfuyWjju,https://api.spotify.com/v1/audio-analysis/2kN1BcwLtcSqWQkfuyWjju,3,,,1,241133,FALSE,https://api.spotify.com/v1/tracks/2kN1BcwLtcSqWQkfuyWjju,FALSE,Break Me,https://p.scdn.co/mp3-preview/c2471df889e17c1108641895ba08953f30f321ff?cid=32b061919ffd4e3886beaf5eae45c9eb,8,track,spotify:track:2kN1BcwLtcSqWQkfuyWjju,https://open.spotify.com/track/2kN1BcwLtcSqWQkfuyWjju,Are We There,F,major,F major
Sharon Van Etten,2wJ4vsxWd7df7dRU4KcoDe,6EQWzHbd3EYO8J4EAIJst4,album,,2014-05-27,2014,day,0.509,0.425,10,-10.649,1,0.0289,0.704,0.0517,0.098,0.207,70.956,7iPr9lOD3Kr1YLFbkELrBU,https://api.spotify.com/v1/audio-analysis/7iPr9lOD3Kr1YLFbkELrBU,4,,,1,195586,FALSE,https://api.spotify.com/v1/tracks/7iPr9lOD3Kr1YLFbkELrBU,FALSE,Nothing Will Change,https://p.scdn.co/mp3-preview/f566bc3f65091fc299fedb68684407175825cde2?cid=32b061919ffd4e3886beaf5eae45c9eb,9,track,spotify:track:7iPr9lOD3Kr1YLFbkELrBU,https://open.spotify.com/track/7iPr9lOD3Kr1YLFbkELrBU,Are We There,A#,major,A# major
Sharon Van Etten,2wJ4vsxWd7df7dRU4KcoDe,6EQWzHbd3EYO8J4EAIJst4,album,,2014-05-27,2014,day,0.457,0.19,0,-9.03,1,0.0298,0.83,0,0.104,0.23,66.74,2HwwpzeQurB8X3jWnl3J4y,https://api.spotify.com/v1/audio-analysis/2HwwpzeQurB8X3jWnl3J4y,4,,,1,215813,FALSE,https://api.spotify.com/v1/tracks/2HwwpzeQurB8X3jWnl3J4y,FALSE,I Know,https://p.scdn.co/mp3-preview/76f7e40bee64b2d2b223eb69ae8029a260f6b141?cid=32b061919ffd4e3886beaf5eae45c9eb,10,track,spotify:track:2HwwpzeQurB8X3jWnl3J4y,https://open.spotify.com/track/2HwwpzeQurB8X3jWnl3J4y,Are We There,C,major,C major
Sharon Van Etten,2wJ4vsxWd7df7dRU4KcoDe,6EQWzHbd3EYO8J4EAIJst4,album,,2014-05-27,2014,day,0.663,0.522,1,-8.741,1,0.0374,0.392,5.41e-6,0.197,0.301,99.759,61qxP4Vs5DVX0Ic4GnBklu,https://api.spotify.com/v1/audio-analysis/61qxP4Vs5DVX0Ic4GnBklu,4,,,1,262520,FALSE,https://api.spotify.com/v1/tracks/61qxP4Vs5DVX0Ic4GnBklu,FALSE,Every Time the Sun Comes Up,https://p.scdn.co/mp3-preview/876aaa3ce88e10217c9b9f6e7debbbdb99a95d58?cid=32b061919ffd4e3886beaf5eae45c9eb,11,track,spotify:track:61qxP4Vs5DVX0Ic4GnBklu,https://open.spotify.com/track/61qxP4Vs5DVX0Ic4GnBklu,Are We There,C#,major,C# major
Sharon Van Etten,2wJ4vsxWd7df7dRU4KcoDe,6osxQZGs4PSQelUKNXS19u,album,,2012-11-13,2012,day,0.385,0.651,11,-6.903,1,0.032,0.00619,1.06e-4,0.584,0.319,154.224,4kbgZfLYw3MZ39DhucZQrd,https://api.spotify.com/v1/audio-analysis/4kbgZfLYw3MZ39DhucZQrd,3,,,1,147360,FALSE,https://api.spotify.com/v1/tracks/4kbgZfLYw3MZ39DhucZQrd,FALSE,Warsaw,https://p.scdn.co/mp3-preview/a41dc9e7fdc4a6e6be9a1fc92fbab000a648a4b4?cid=32b061919ffd4e3886beaf5eae45c9eb,1,track,spotify:track:4kbgZfLYw3MZ39DhucZQrd,https://open.spotify.com/track/4kbgZfLYw3MZ39DhucZQrd,Tramp (Deluxe Edition),B,major,B major
Sharon Van Etten,2wJ4vsxWd7df7dRU4KcoDe,6osxQZGs4PSQelUKNXS19u,album,,2012-11-13,2012,day,0.481,0.316,8,-8.894,0,0.0296,0.846,0,0.0888,0.162,115.093,0anzPMq0fo2njqmMESmZPW,https://api.spotify.com/v1/audio-analysis/0anzPMq0fo2njqmMESmZPW,4,,,1,259293,FALSE,https://api.spotify.com/v1/tracks/0anzPMq0fo2njqmMESmZPW,FALSE,Give Out,https://p.scdn.co/mp3-preview/15cf49db956e2120193f069a94d22430fca56cb8?cid=32b061919ffd4e3886beaf5eae45c9eb,2,track,spotify:track:0anzPMq0fo2njqmMESmZPW,https://open.spotify.com/track/0anzPMq0fo2njqmMESmZPW,Tramp (Deluxe Edition),G#,minor,G# minor
Sharon Van Etten,2wJ4vsxWd7df7dRU4KcoDe,6osxQZGs4PSQelUKNXS19u,album,,2012-11-13,2012,day,0.432,0.77,6,-4.813,0,0.0371,4.06e-4,0.00196,0.11,0.164,122.522,6qs6D6SywSDo6ch5RAqAj9,https://api.spotify.com/v1/audio-analysis/6qs6D6SywSDo6ch5RAqAj9,4,,,1,182146,FALSE,https://api.spotify.com/v1/tracks/6qs6D6SywSDo6ch5RAqAj9,FALSE,Serpents,https://p.scdn.co/mp3-preview/525e95c65a3458acc20b8808c0dac9dbc7c4188b?cid=32b061919ffd4e3886beaf5eae45c9eb,3,track,spotify:track:6qs6D6SywSDo6ch5RAqAj9,https://open.spotify.com/track/6qs6D6SywSDo6ch5RAqAj9,Tramp (Deluxe Edition),F#,minor,F# minor
Sharon Van Etten,2wJ4vsxWd7df7dRU4KcoDe,6osxQZGs4PSQelUKNXS19u,album,,2012-11-13,2012,day,0.27,0.302,0,-8.872,1,0.0279,0.237,0.0052,0.113,0.0641,84.951,3vGWBmoKfBZ7XpGTEd4cVs,https://api.spotify.com/v1/audio-analysis/3vGWBmoKfBZ7XpGTEd4cVs,4,,,1,242546,FALSE,https://api.spotify.com/v1/tracks/3vGWBmoKfBZ7XpGTEd4cVs,FALSE,Kevin's,https://p.scdn.co/mp3-preview/48f4cba43bdbc48d0ff0d2a789707b501162abde?cid=32b061919ffd4e3886beaf5eae45c9eb,4,track,spotify:track:3vGWBmoKfBZ7XpGTEd4cVs,https://open.spotify.com/track/3vGWBmoKfBZ7XpGTEd4cVs,Tramp (Deluxe Edition),C,major,C major
Sharon Van Etten,2wJ4vsxWd7df7dRU4KcoDe,6osxQZGs4PSQelUKNXS19u,album,,2012-11-13,2012,day,0.136,0.445,9,-6.82,1,0.0328,0.509,2.7e-6,0.163,0.193,186.477,1WfocWeeUlhcJLYpG82Iip,https://api.spotify.com/v1/audio-analysis/1WfocWeeUlhcJLYpG82Iip,3,,,1,228013,FALSE,https://api.spotify.com/v1/tracks/1WfocWeeUlhcJLYpG82Iip,FALSE,Leonard,https://p.scdn.co/mp3-preview/76bf53d51a53151e15443077c4f9250e3c94805a?cid=32b061919ffd4e3886beaf5eae45c9eb,5,track,spotify:track:1WfocWeeUlhcJLYpG82Iip,https://open.spotify.com/track/1WfocWeeUlhcJLYpG82Iip,Tramp (Deluxe Edition),A,major,A major
Sharon Van Etten,2wJ4vsxWd7df7dRU4KcoDe,6osxQZGs4PSQelUKNXS19u,album,,2012-11-13,2012,day,0.449,0.412,4,-6.06,0,0.0277,0.489,1.57e-4,0.0834,0.131,102.935,5yFLEQYGeP4NVU7SCMFb2o,https://api.spotify.com/v1/audio-analysis/5yFLEQYGeP4NVU7SCMFb2o,3,,,1,284280,FALSE,https://api.spotify.com/v1/tracks/5yFLEQYGeP4NVU7SCMFb2o,FALSE,In Line,https://p.scdn.co/mp3-preview/6761448c5ec2dbb715c33aed4ae7c1b87d868129?cid=32b061919ffd4e3886beaf5eae45c9eb,6,track,spotify:track:5yFLEQYGeP4NVU7SCMFb2o,https://open.spotify.com/track/5yFLEQYGeP4NVU7SCMFb2o,Tramp (Deluxe Edition),E,minor,E minor
Sharon Van Etten,2wJ4vsxWd7df7dRU4KcoDe,6osxQZGs4PSQelUKNXS19u,album,,2012-11-13,2012,day,0.401,0.466,2,-7.406,1,0.0293,0.0141,3.09e-6,0.0863,0.0886,78.003,5o9jtfi7Ai1TdsYDw5n9y3,https://api.spotify.com/v1/audio-analysis/5o9jtfi7Ai1TdsYDw5n9y3,4,,,1,294600,FALSE,https://api.spotify.com/v1/tracks/5o9jtfi7Ai1TdsYDw5n9y3,FALSE,All I Can,https://p.scdn.co/mp3-preview/be1377a245a5707df60a2cb85ea7374cc48f8b6a?cid=32b061919ffd4e3886beaf5eae45c9eb,7,track,spotify:track:5o9jtfi7Ai1TdsYDw5n9y3,https://open.spotify.com/track/5o9jtfi7Ai1TdsYDw5n9y3,Tramp (Deluxe Edition),D,major,D major
Sharon Van Etten,2wJ4vsxWd7df7dRU4KcoDe,6osxQZGs4PSQelUKNXS19u,album,,2012-11-13,2012,day,0.425,0.322,0,-8.677,1,0.0291,0.633,0.00643,0.0989,0.0959,107.83,0Jafup9eJX4Z92CE5t0s9Y,https://api.spotify.com/v1/audio-analysis/0Jafup9eJX4Z92CE5t0s9Y,4,,,1,229213,FALSE,https://api.spotify.com/v1/tracks/0Jafup9eJX4Z92CE5t0s9Y,FALSE,We Are Fine,https://p.scdn.co/mp3-preview/dc9e97bdba3eda14554fa6db24a13123d6fbc594?cid=32b061919ffd4e3886beaf5eae45c9eb,8,track,spotify:track:0Jafup9eJX4Z92CE5t0s9Y,https://open.spotify.com/track/0Jafup9eJX4Z92CE5t0s9Y,Tramp (Deluxe Edition),C,major,C major
Sharon Van Etten,2wJ4vsxWd7df7dRU4KcoDe,6osxQZGs4PSQelUKNXS19u,album,,2012-11-13,2012,day,0.282,0.473,5,-9.161,0,0.032,0.398,1.08e-5,0.0875,0.212,89.334,0xtzELQu0SMqaEQay9TzsQ,https://api.spotify.com/v1/audio-analysis/0xtzELQu0SMqaEQay9TzsQ,4,,,1,236173,FALSE,https://api.spotify.com/v1/tracks/0xtzELQu0SMqaEQay9TzsQ,FALSE,Magic Chords,https://p.scdn.co/mp3-preview/cb74fc8bb499bff1c4536c752675822e7e4ec11b?cid=32b061919ffd4e3886beaf5eae45c9eb,9,track,spotify:track:0xtzELQu0SMqaEQay9TzsQ,https://open.spotify.com/track/0xtzELQu0SMqaEQay9TzsQ,Tramp (Deluxe Edition),F,minor,F minor
Sharon Van Etten,2wJ4vsxWd7df7dRU4KcoDe,6osxQZGs4PSQelUKNXS19u,album,,2012-11-13,2012,day,0.316,0.344,7,-9.428,1,0.0332,0.797,0,0.104,0.0732,108.081,7txMLxDR6nUSYNUUwhXrdD,https://api.spotify.com/v1/audio-analysis/7txMLxDR6nUSYNUUwhXrdD,4,,,1,201946,FALSE,https://api.spotify.com/v1/tracks/7txMLxDR6nUSYNUUwhXrdD,FALSE,Ask,https://p.scdn.co/mp3-preview/6522976b4227128933268f16c52040599d3e04f8?cid=32b061919ffd4e3886beaf5eae45c9eb,10,track,spotify:track:7txMLxDR6nUSYNUUwhXrdD,https://open.spotify.com/track/7txMLxDR6nUSYNUUwhXrdD,Tramp (Deluxe Edition),G,major,G major
Sharon Van Etten,2wJ4vsxWd7df7dRU4KcoDe,6osxQZGs4PSQelUKNXS19u,album,,2012-11-13,2012,day,0.177,0.411,2,-7.234,1,0.0299,0.668,3.4e-4,0.149,0.159,136.092,0oNidCBUpR7Us1FZz28tgU,https://api.spotify.com/v1/audio-analysis/0oNidCBUpR7Us1FZz28tgU,5,,,1,235146,FALSE,https://api.spotify.com/v1/tracks/0oNidCBUpR7Us1FZz28tgU,FALSE,I'm Wrong,https://p.scdn.co/mp3-preview/a88e78a48650404ebcf06d86a69f47ee4aad4dac?cid=32b061919ffd4e3886beaf5eae45c9eb,11,track,spotify:track:0oNidCBUpR7Us1FZz28tgU,https://open.spotify.com/track/0oNidCBUpR7Us1FZz28tgU,Tramp (Deluxe Edition),D,major,D major
Sharon Van Etten,2wJ4vsxWd7df7dRU4KcoDe,6osxQZGs4PSQelUKNXS19u,album,,2012-11-13,2012,day,0.108,0.0595,7,-12.859,1,0.0366,0.854,2.13e-4,0.114,0.0843,76.992,4d8lzBu9jSHuLRr0bHrvOE,https://api.spotify.com/v1/audio-analysis/4d8lzBu9jSHuLRr0bHrvOE,3,,,1,242720,FALSE,https://api.spotify.com/v1/tracks/4d8lzBu9jSHuLRr0bHrvOE,FALSE,Joke or a Lie,https://p.scdn.co/mp3-preview/6e2f2c7fec7cfb7834a2461b27316b66c06935ba?cid=32b061919ffd4e3886beaf5eae45c9eb,12,track,spotify:track:4d8lzBu9jSHuLRr0bHrvOE,https://open.spotify.com/track/4d8lzBu9jSHuLRr0bHrvOE,Tramp (Deluxe Edition),G,major,G major
Sharon Van Etten,2wJ4vsxWd7df7dRU4KcoDe,6osxQZGs4PSQelUKNXS19u,album,,2012-11-13,2012,day,0.447,0.764,6,-7.301,1,0.0385,0.718,0.782,0.0924,0.63,52.669,2DcvC9TiIE6BMsS36vWwDl,https://api.spotify.com/v1/audio-analysis/2DcvC9TiIE6BMsS36vWwDl,4,,,1,147333,FALSE,https://api.spotify.com/v1/tracks/2DcvC9TiIE6BMsS36vWwDl,FALSE,Warsaw - Demo,https://p.scdn.co/mp3-preview/060be474c8953bd5cba78e9880adee72678996f0?cid=32b061919ffd4e3886beaf5eae45c9eb,13,track,spotify:track:2DcvC9TiIE6BMsS36vWwDl,https://open.spotify.com/track/2DcvC9TiIE6BMsS36vWwDl,Tramp (Deluxe Edition),F#,major,F# major
Sharon Van Etten,2wJ4vsxWd7df7dRU4KcoDe,6osxQZGs4PSQelUKNXS19u,album,,2012-11-13,2012,day,0.499,0.173,2,-16.618,1,0.0427,0.915,0,0.131,0.261,100.004,4ZDhqEqYxWlaco3Qq4SoXf,https://api.spotify.com/v1/audio-analysis/4ZDhqEqYxWlaco3Qq4SoXf,4,,,1,198240,FALSE,https://api.spotify.com/v1/tracks/4ZDhqEqYxWlaco3Qq4SoXf,FALSE,Give Out - Demo,https://p.scdn.co/mp3-preview/bc60ec62906ee3312f1ec470e5af2588c12f8c5c?cid=32b061919ffd4e3886beaf5eae45c9eb,14,track,spotify:track:4ZDhqEqYxWlaco3Qq4SoXf,https://open.spotify.com/track/4ZDhqEqYxWlaco3Qq4SoXf,Tramp (Deluxe Edition),D,major,D major
Sharon Van Etten,2wJ4vsxWd7df7dRU4KcoDe,6osxQZGs4PSQelUKNXS19u,album,,2012-11-13,2012,day,0.446,0.403,9,-7.147,0,0.0331,0.861,0.0114,0.106,0.15,113.863,7b6ZFy7CLm4d75uFAuZTqy,https://api.spotify.com/v1/audio-analysis/7b6ZFy7CLm4d75uFAuZTqy,4,,,1,345346,FALSE,https://api.spotify.com/v1/tracks/7b6ZFy7CLm4d75uFAuZTqy,FALSE,Serpents - Demo,https://p.scdn.co/mp3-preview/06c3bd06759a1e9b92186517bedb33f82ec19b13?cid=32b061919ffd4e3886beaf5eae45c9eb,15,track,spotify:track:7b6ZFy7CLm4d75uFAuZTqy,https://open.spotify.com/track/7b6ZFy7CLm4d75uFAuZTqy,Tramp (Deluxe Edition),A,minor,A minor
Sharon Van Etten,2wJ4vsxWd7df7dRU4KcoDe,6osxQZGs4PSQelUKNXS19u,album,,2012-11-13,2012,day,0.353,0.135,0,-10.368,1,0.0404,0.899,7.37e-6,0.117,0.0914,78.089,4wrpX79jV7UGFyoTbzP7Ig,https://api.spotify.com/v1/audio-analysis/4wrpX79jV7UGFyoTbzP7Ig,4,,,1,237040,FALSE,https://api.spotify.com/v1/tracks/4wrpX79jV7UGFyoTbzP7Ig,FALSE,Kevin's - Demo,https://p.scdn.co/mp3-preview/e1e942a9b56c855dae37dc3c32b150d929c8f272?cid=32b061919ffd4e3886beaf5eae45c9eb,16,track,spotify:track:4wrpX79jV7UGFyoTbzP7Ig,https://open.spotify.com/track/4wrpX79jV7UGFyoTbzP7Ig,Tramp (Deluxe Edition),C,major,C major
Sharon Van Etten,2wJ4vsxWd7df7dRU4KcoDe,6osxQZGs4PSQelUKNXS19u,album,,2012-11-13,2012,day,0.398,0.0569,9,-13.457,1,0.057,0.86,5.23e-6,0.069,0.218,178.717,3521COd5IfnYPtzr9Cu5zw,https://api.spotify.com/v1/audio-analysis/3521COd5IfnYPtzr9Cu5zw,3,,,1,368186,FALSE,https://api.spotify.com/v1/tracks/3521COd5IfnYPtzr9Cu5zw,FALSE,Leonard - Demo,https://p.scdn.co/mp3-preview/a257c94478d196def119ce72787597402c1c0d0e?cid=32b061919ffd4e3886beaf5eae45c9eb,17,track,spotify:track:3521COd5IfnYPtzr9Cu5zw,https://open.spotify.com/track/3521COd5IfnYPtzr9Cu5zw,Tramp (Deluxe Edition),A,major,A major
Sharon Van Etten,2wJ4vsxWd7df7dRU4KcoDe,6osxQZGs4PSQelUKNXS19u,album,,2012-11-13,2012,day,0.338,0.125,4,-12.236,0,0.0319,0.865,0.00655,0.129,0.0548,111.318,5dH5Ydux0gjUgeNOFxGYJY,https://api.spotify.com/v1/audio-analysis/5dH5Ydux0gjUgeNOFxGYJY,3,,,1,433333,FALSE,https://api.spotify.com/v1/tracks/5dH5Ydux0gjUgeNOFxGYJY,FALSE,In Line - Demo,https://p.scdn.co/mp3-preview/c8b73b1e5dca883f013acf3100b0515f38893064?cid=32b061919ffd4e3886beaf5eae45c9eb,18,track,spotify:track:5dH5Ydux0gjUgeNOFxGYJY,https://open.spotify.com/track/5dH5Ydux0gjUgeNOFxGYJY,Tramp (Deluxe Edition),E,minor,E minor
Sharon Van Etten,2wJ4vsxWd7df7dRU4KcoDe,6osxQZGs4PSQelUKNXS19u,album,,2012-11-13,2012,day,0.515,0.08,2,-14.563,1,0.0424,0.895,0,0.0903,0.273,81.375,2qo83INg2LxD5m8oeKuxO1,https://api.spotify.com/v1/audio-analysis/2qo83INg2LxD5m8oeKuxO1,4,,,1,296826,FALSE,https://api.spotify.com/v1/tracks/2qo83INg2LxD5m8oeKuxO1,FALSE,All I Can - Demo,https://p.scdn.co/mp3-preview/52a44acbb39909885e4f4da372ab0e782f14c04b?cid=32b061919ffd4e3886beaf5eae45c9eb,19,track,spotify:track:2qo83INg2LxD5m8oeKuxO1,https://open.spotify.com/track/2qo83INg2LxD5m8oeKuxO1,Tramp (Deluxe Edition),D,major,D major
Sharon Van Etten,2wJ4vsxWd7df7dRU4KcoDe,6osxQZGs4PSQelUKNXS19u,album,,2012-11-13,2012,day,0.472,0.0767,0,-14.916,1,0.0404,0.908,0,0.0685,0.525,200.781,1pfb9Nm8JTY58HfS5mtZWR,https://api.spotify.com/v1/audio-analysis/1pfb9Nm8JTY58HfS5mtZWR,4,,,1,264080,FALSE,https://api.spotify.com/v1/tracks/1pfb9Nm8JTY58HfS5mtZWR,FALSE,We Are Fine - Demo,https://p.scdn.co/mp3-preview/503333a21a2ec8d1b9eda0a783d6595d5c82ae92?cid=32b061919ffd4e3886beaf5eae45c9eb,20,track,spotify:track:1pfb9Nm8JTY58HfS5mtZWR,https://open.spotify.com/track/1pfb9Nm8JTY58HfS5mtZWR,Tramp (Deluxe Edition),C,major,C major
Sharon Van Etten,2wJ4vsxWd7df7dRU4KcoDe,6osxQZGs4PSQelUKNXS19u,album,,2012-11-13,2012,day,0.706,0.236,5,-10.397,0,0.0282,0.525,7.3e-5,0.0709,0.138,89.269,00Hre1naVS3Oah25fi9kvQ,https://api.spotify.com/v1/audio-analysis/00Hre1naVS3Oah25fi9kvQ,4,,,1,223933,FALSE,https://api.spotify.com/v1/tracks/00Hre1naVS3Oah25fi9kvQ,FALSE,Magic Chords - Demo,https://p.scdn.co/mp3-preview/71cdb014c38ba69ab346d0c54b36ae20a6c5e216?cid=32b061919ffd4e3886beaf5eae45c9eb,21,track,spotify:track:00Hre1naVS3Oah25fi9kvQ,https://open.spotify.com/track/00Hre1naVS3Oah25fi9kvQ,Tramp (Deluxe Edition),F,minor,F minor
Sharon Van Etten,2wJ4vsxWd7df7dRU4KcoDe,6osxQZGs4PSQelUKNXS19u,album,,2012-11-13,2012,day,0.486,0.299,7,-10.004,0,0.0286,0.8,4.99e-6,0.187,0.125,102.278,1HJVXZr3Oo2G8Vi90Jhajs,https://api.spotify.com/v1/audio-analysis/1HJVXZr3Oo2G8Vi90Jhajs,4,,,1,215200,FALSE,https://api.spotify.com/v1/tracks/1HJVXZr3Oo2G8Vi90Jhajs,FALSE,Ask - Demo,https://p.scdn.co/mp3-preview/998736bf4b249fc39ba4a7fa6ec5a83e46576de4?cid=32b061919ffd4e3886beaf5eae45c9eb,22,track,spotify:track:1HJVXZr3Oo2G8Vi90Jhajs,https://open.spotify.com/track/1HJVXZr3Oo2G8Vi90Jhajs,Tramp (Deluxe Edition),G,minor,G minor
Sharon Van Etten,2wJ4vsxWd7df7dRU4KcoDe,6osxQZGs4PSQelUKNXS19u,album,,2012-11-13,2012,day,0.488,0.257,10,-9.678,0,0.0264,0.882,0.0057,0.108,0.164,98.917,5xM1rp5RYJYbktegKiclAf,https://api.spotify.com/v1/audio-analysis/5xM1rp5RYJYbktegKiclAf,4,,,1,247826,FALSE,https://api.spotify.com/v1/tracks/5xM1rp5RYJYbktegKiclAf,FALSE,I'm Wrong - Demo,https://p.scdn.co/mp3-preview/3421843c8516c19159a7c1f13ab0ef8eba2c06d4?cid=32b061919ffd4e3886beaf5eae45c9eb,23,track,spotify:track:5xM1rp5RYJYbktegKiclAf,https://open.spotify.com/track/5xM1rp5RYJYbktegKiclAf,Tramp (Deluxe Edition),A#,minor,A# minor
Sharon Van Etten,2wJ4vsxWd7df7dRU4KcoDe,6osxQZGs4PSQelUKNXS19u,album,,2012-11-13,2012,day,0.419,0.00857,7,-14.025,1,0.0458,0.945,0,0.106,0.331,100.806,5NfXsCEq7ozzlpFH1SCiDG,https://api.spotify.com/v1/audio-analysis/5NfXsCEq7ozzlpFH1SCiDG,5,,,1,189000,FALSE,https://api.spotify.com/v1/tracks/5NfXsCEq7ozzlpFH1SCiDG,FALSE,Joke or a Lie - Demo,https://p.scdn.co/mp3-preview/cd42dcee2fda70fce3cb44834b10bf3710e6131c?cid=32b061919ffd4e3886beaf5eae45c9eb,24,track,spotify:track:5NfXsCEq7ozzlpFH1SCiDG,https://open.spotify.com/track/5NfXsCEq7ozzlpFH1SCiDG,Tramp (Deluxe Edition),G,major,G major
Sharon Van Etten,2wJ4vsxWd7df7dRU4KcoDe,6osxQZGs4PSQelUKNXS19u,album,,2012-11-13,2012,day,0.431,0.25,9,-9.614,1,0.0263,0.625,0.00566,0.103,0.18,82.553,5nys6zsYfQP5DrftJ8w9fP,https://api.spotify.com/v1/audio-analysis/5nys6zsYfQP5DrftJ8w9fP,4,,,1,251240,FALSE,https://api.spotify.com/v1/tracks/5nys6zsYfQP5DrftJ8w9fP,FALSE,Tell Me - Demo,https://p.scdn.co/mp3-preview/195b56ba97d5eeb3626c7cdb18046e04c859800c?cid=32b061919ffd4e3886beaf5eae45c9eb,25,track,spotify:track:5nys6zsYfQP5DrftJ8w9fP,https://open.spotify.com/track/5nys6zsYfQP5DrftJ8w9fP,Tramp (Deluxe Edition),A,major,A major
Sharon Van Etten,2wJ4vsxWd7df7dRU4KcoDe,1StZHZ13mdQcQPG8QQjndF,album,,2012-02-07,2012,day,0.385,0.651,11,-6.903,1,0.032,0.00619,1.06e-4,0.584,0.319,154.224,3ntkUvtT1zJeUuoxrq6H4j,https://api.spotify.com/v1/audio-analysis/3ntkUvtT1zJeUuoxrq6H4j,3,,,1,147360,FALSE,https://api.spotify.com/v1/tracks/3ntkUvtT1zJeUuoxrq6H4j,FALSE,Warsaw,https://p.scdn.co/mp3-preview/a41dc9e7fdc4a6e6be9a1fc92fbab000a648a4b4?cid=32b061919ffd4e3886beaf5eae45c9eb,1,track,spotify:track:3ntkUvtT1zJeUuoxrq6H4j,https://open.spotify.com/track/3ntkUvtT1zJeUuoxrq6H4j,Tramp,B,major,B major
Sharon Van Etten,2wJ4vsxWd7df7dRU4KcoDe,1StZHZ13mdQcQPG8QQjndF,album,,2012-02-07,2012,day,0.481,0.316,8,-8.894,0,0.0296,0.846,0,0.0888,0.162,115.093,3UI8aroRHs4VM054hxfGgY,https://api.spotify.com/v1/audio-analysis/3UI8aroRHs4VM054hxfGgY,4,,,1,259293,FALSE,https://api.spotify.com/v1/tracks/3UI8aroRHs4VM054hxfGgY,FALSE,Give Out,https://p.scdn.co/mp3-preview/15cf49db956e2120193f069a94d22430fca56cb8?cid=32b061919ffd4e3886beaf5eae45c9eb,2,track,spotify:track:3UI8aroRHs4VM054hxfGgY,https://open.spotify.com/track/3UI8aroRHs4VM054hxfGgY,Tramp,G#,minor,G# minor
Sharon Van Etten,2wJ4vsxWd7df7dRU4KcoDe,1StZHZ13mdQcQPG8QQjndF,album,,2012-02-07,2012,day,0.432,0.77,6,-4.813,0,0.0371,4.06e-4,0.00196,0.11,0.164,122.522,2v05RhwIQx3zbN8O72Ff69,https://api.spotify.com/v1/audio-analysis/2v05RhwIQx3zbN8O72Ff69,4,,,1,182146,FALSE,https://api.spotify.com/v1/tracks/2v05RhwIQx3zbN8O72Ff69,FALSE,Serpents,https://p.scdn.co/mp3-preview/525e95c65a3458acc20b8808c0dac9dbc7c4188b?cid=32b061919ffd4e3886beaf5eae45c9eb,3,track,spotify:track:2v05RhwIQx3zbN8O72Ff69,https://open.spotify.com/track/2v05RhwIQx3zbN8O72Ff69,Tramp,F#,minor,F# minor
Sharon Van Etten,2wJ4vsxWd7df7dRU4KcoDe,1StZHZ13mdQcQPG8QQjndF,album,,2012-02-07,2012,day,0.27,0.302,0,-8.872,1,0.0279,0.237,0.0052,0.113,0.0641,84.951,7tglqXirZ8WzZA9TeFy4YX,https://api.spotify.com/v1/audio-analysis/7tglqXirZ8WzZA9TeFy4YX,4,,,1,242546,FALSE,https://api.spotify.com/v1/tracks/7tglqXirZ8WzZA9TeFy4YX,FALSE,Kevin's,https://p.scdn.co/mp3-preview/48f4cba43bdbc48d0ff0d2a789707b501162abde?cid=32b061919ffd4e3886beaf5eae45c9eb,4,track,spotify:track:7tglqXirZ8WzZA9TeFy4YX,https://open.spotify.com/track/7tglqXirZ8WzZA9TeFy4YX,Tramp,C,major,C major
Sharon Van Etten,2wJ4vsxWd7df7dRU4KcoDe,1StZHZ13mdQcQPG8QQjndF,album,,2012-02-07,2012,day,0.136,0.445,9,-6.82,1,0.0328,0.509,2.7e-6,0.163,0.193,186.477,2fZLMdueihqvdC4OPaH9SD,https://api.spotify.com/v1/audio-analysis/2fZLMdueihqvdC4OPaH9SD,3,,,1,228013,FALSE,https://api.spotify.com/v1/tracks/2fZLMdueihqvdC4OPaH9SD,FALSE,Leonard,https://p.scdn.co/mp3-preview/76bf53d51a53151e15443077c4f9250e3c94805a?cid=32b061919ffd4e3886beaf5eae45c9eb,5,track,spotify:track:2fZLMdueihqvdC4OPaH9SD,https://open.spotify.com/track/2fZLMdueihqvdC4OPaH9SD,Tramp,A,major,A major
Sharon Van Etten,2wJ4vsxWd7df7dRU4KcoDe,1StZHZ13mdQcQPG8QQjndF,album,,2012-02-07,2012,day,0.449,0.412,4,-6.06,0,0.0277,0.489,1.57e-4,0.0834,0.131,102.935,5Ij0MESDr2tWN3G1uaTs8U,https://api.spotify.com/v1/audio-analysis/5Ij0MESDr2tWN3G1uaTs8U,3,,,1,284280,FALSE,https://api.spotify.com/v1/tracks/5Ij0MESDr2tWN3G1uaTs8U,FALSE,In Line,https://p.scdn.co/mp3-preview/6761448c5ec2dbb715c33aed4ae7c1b87d868129?cid=32b061919ffd4e3886beaf5eae45c9eb,6,track,spotify:track:5Ij0MESDr2tWN3G1uaTs8U,https://open.spotify.com/track/5Ij0MESDr2tWN3G1uaTs8U,Tramp,E,minor,E minor
Sharon Van Etten,2wJ4vsxWd7df7dRU4KcoDe,1StZHZ13mdQcQPG8QQjndF,album,,2012-02-07,2012,day,0.401,0.466,2,-7.406,1,0.0293,0.0141,3.09e-6,0.0863,0.0886,78.003,0nlKT1dSuSRw0WISnDonEI,https://api.spotify.com/v1/audio-analysis/0nlKT1dSuSRw0WISnDonEI,4,,,1,294600,FALSE,https://api.spotify.com/v1/tracks/0nlKT1dSuSRw0WISnDonEI,FALSE,All I Can,https://p.scdn.co/mp3-preview/be1377a245a5707df60a2cb85ea7374cc48f8b6a?cid=32b061919ffd4e3886beaf5eae45c9eb,7,track,spotify:track:0nlKT1dSuSRw0WISnDonEI,https://open.spotify.com/track/0nlKT1dSuSRw0WISnDonEI,Tramp,D,major,D major
Sharon Van Etten,2wJ4vsxWd7df7dRU4KcoDe,1StZHZ13mdQcQPG8QQjndF,album,,2012-02-07,2012,day,0.425,0.322,0,-8.677,1,0.0291,0.633,0.00643,0.0989,0.0959,107.83,2wqWfGrPq6mqnrTlWen3XW,https://api.spotify.com/v1/audio-analysis/2wqWfGrPq6mqnrTlWen3XW,4,,,1,229213,FALSE,https://api.spotify.com/v1/tracks/2wqWfGrPq6mqnrTlWen3XW,FALSE,We Are Fine,https://p.scdn.co/mp3-preview/dc9e97bdba3eda14554fa6db24a13123d6fbc594?cid=32b061919ffd4e3886beaf5eae45c9eb,8,track,spotify:track:2wqWfGrPq6mqnrTlWen3XW,https://open.spotify.com/track/2wqWfGrPq6mqnrTlWen3XW,Tramp,C,major,C major
Sharon Van Etten,2wJ4vsxWd7df7dRU4KcoDe,1StZHZ13mdQcQPG8QQjndF,album,,2012-02-07,2012,day,0.282,0.473,5,-9.161,0,0.032,0.398,1.08e-5,0.0875,0.212,89.334,2NA7ivYQzC48oGph8azDd3,https://api.spotify.com/v1/audio-analysis/2NA7ivYQzC48oGph8azDd3,4,,,1,236173,FALSE,https://api.spotify.com/v1/tracks/2NA7ivYQzC48oGph8azDd3,FALSE,Magic Chords,https://p.scdn.co/mp3-preview/cb74fc8bb499bff1c4536c752675822e7e4ec11b?cid=32b061919ffd4e3886beaf5eae45c9eb,9,track,spotify:track:2NA7ivYQzC48oGph8azDd3,https://open.spotify.com/track/2NA7ivYQzC48oGph8azDd3,Tramp,F,minor,F minor
Sharon Van Etten,2wJ4vsxWd7df7dRU4KcoDe,1StZHZ13mdQcQPG8QQjndF,album,,2012-02-07,2012,day,0.316,0.344,7,-9.428,1,0.0332,0.797,0,0.104,0.0732,108.081,5ucGxgQ32q3wVnNkCnWhI2,https://api.spotify.com/v1/audio-analysis/5ucGxgQ32q3wVnNkCnWhI2,4,,,1,201946,FALSE,https://api.spotify.com/v1/tracks/5ucGxgQ32q3wVnNkCnWhI2,FALSE,Ask,https://p.scdn.co/mp3-preview/6522976b4227128933268f16c52040599d3e04f8?cid=32b061919ffd4e3886beaf5eae45c9eb,10,track,spotify:track:5ucGxgQ32q3wVnNkCnWhI2,https://open.spotify.com/track/5ucGxgQ32q3wVnNkCnWhI2,Tramp,G,major,G major
Sharon Van Etten,2wJ4vsxWd7df7dRU4KcoDe,1StZHZ13mdQcQPG8QQjndF,album,,2012-02-07,2012,day,0.177,0.411,2,-7.234,1,0.0299,0.668,3.4e-4,0.149,0.159,136.092,4DSmjbIBldQ2oeq178I5Du,https://api.spotify.com/v1/audio-analysis/4DSmjbIBldQ2oeq178I5Du,5,,,1,235146,FALSE,https://api.spotify.com/v1/tracks/4DSmjbIBldQ2oeq178I5Du,FALSE,I'm Wrong,https://p.scdn.co/mp3-preview/a88e78a48650404ebcf06d86a69f47ee4aad4dac?cid=32b061919ffd4e3886beaf5eae45c9eb,11,track,spotify:track:4DSmjbIBldQ2oeq178I5Du,https://open.spotify.com/track/4DSmjbIBldQ2oeq178I5Du,Tramp,D,major,D major
Sharon Van Etten,2wJ4vsxWd7df7dRU4KcoDe,1StZHZ13mdQcQPG8QQjndF,album,,2012-02-07,2012,day,0.108,0.0595,7,-12.859,1,0.0366,0.854,2.13e-4,0.114,0.0843,76.992,6XRTUoc6gUpgZVJSc2AgZa,https://api.spotify.com/v1/audio-analysis/6XRTUoc6gUpgZVJSc2AgZa,3,,,1,242720,FALSE,https://api.spotify.com/v1/tracks/6XRTUoc6gUpgZVJSc2AgZa,FALSE,Joke or a Lie,https://p.scdn.co/mp3-preview/6e2f2c7fec7cfb7834a2461b27316b66c06935ba?cid=32b061919ffd4e3886beaf5eae45c9eb,12,track,spotify:track:6XRTUoc6gUpgZVJSc2AgZa,https://open.spotify.com/track/6XRTUoc6gUpgZVJSc2AgZa,Tramp,G,major,G major
Sharon Van Etten,2wJ4vsxWd7df7dRU4KcoDe,3M1lzYyBRm9azT5rGkEdQS,album,,2012-02-07,2012,day,0.385,0.651,11,-6.903,1,0.032,0.00619,1.06e-4,0.584,0.319,154.224,0OJKFwVG4YdGL0oETDMLPW,https://api.spotify.com/v1/audio-analysis/0OJKFwVG4YdGL0oETDMLPW,3,,,1,147360,FALSE,https://api.spotify.com/v1/tracks/0OJKFwVG4YdGL0oETDMLPW,FALSE,Warsaw,https://p.scdn.co/mp3-preview/a41dc9e7fdc4a6e6be9a1fc92fbab000a648a4b4?cid=32b061919ffd4e3886beaf5eae45c9eb,1,track,spotify:track:0OJKFwVG4YdGL0oETDMLPW,https://open.spotify.com/track/0OJKFwVG4YdGL0oETDMLPW,Tramp (Anniversary Edition),B,major,B major
Sharon Van Etten,2wJ4vsxWd7df7dRU4KcoDe,3M1lzYyBRm9azT5rGkEdQS,album,,2012-02-07,2012,day,0.481,0.316,8,-8.894,0,0.0296,0.846,0,0.0888,0.162,115.093,3TDAU1SxnTOIShoJAtpLlp,https://api.spotify.com/v1/audio-analysis/3TDAU1SxnTOIShoJAtpLlp,4,,,1,259293,FALSE,https://api.spotify.com/v1/tracks/3TDAU1SxnTOIShoJAtpLlp,FALSE,Give Out,https://p.scdn.co/mp3-preview/15cf49db956e2120193f069a94d22430fca56cb8?cid=32b061919ffd4e3886beaf5eae45c9eb,2,track,spotify:track:3TDAU1SxnTOIShoJAtpLlp,https://open.spotify.com/track/3TDAU1SxnTOIShoJAtpLlp,Tramp (Anniversary Edition),G#,minor,G# minor
Sharon Van Etten,2wJ4vsxWd7df7dRU4KcoDe,3M1lzYyBRm9azT5rGkEdQS,album,,2012-02-07,2012,day,0.432,0.77,6,-4.813,0,0.0371,4.06e-4,0.00196,0.11,0.164,122.522,2UYPcwVOoUejOaGMTNk1Ju,https://api.spotify.com/v1/audio-analysis/2UYPcwVOoUejOaGMTNk1Ju,4,,,1,182146,FALSE,https://api.spotify.com/v1/tracks/2UYPcwVOoUejOaGMTNk1Ju,FALSE,Serpents,https://p.scdn.co/mp3-preview/525e95c65a3458acc20b8808c0dac9dbc7c4188b?cid=32b061919ffd4e3886beaf5eae45c9eb,3,track,spotify:track:2UYPcwVOoUejOaGMTNk1Ju,https://open.spotify.com/track/2UYPcwVOoUejOaGMTNk1Ju,Tramp (Anniversary Edition),F#,minor,F# minor
Sharon Van Etten,2wJ4vsxWd7df7dRU4KcoDe,3M1lzYyBRm9azT5rGkEdQS,album,,2012-02-07,2012,day,0.27,0.302,0,-8.872,1,0.0279,0.237,0.0052,0.113,0.0641,84.951,3MZlsR0U2u4TmAHLW8HhcN,https://api.spotify.com/v1/audio-analysis/3MZlsR0U2u4TmAHLW8HhcN,4,,,1,242546,FALSE,https://api.spotify.com/v1/tracks/3MZlsR0U2u4TmAHLW8HhcN,FALSE,Kevin's,https://p.scdn.co/mp3-preview/48f4cba43bdbc48d0ff0d2a789707b501162abde?cid=32b061919ffd4e3886beaf5eae45c9eb,4,track,spotify:track:3MZlsR0U2u4TmAHLW8HhcN,https://open.spotify.com/track/3MZlsR0U2u4TmAHLW8HhcN,Tramp (Anniversary Edition),C,major,C major
Sharon Van Etten,2wJ4vsxWd7df7dRU4KcoDe,3M1lzYyBRm9azT5rGkEdQS,album,,2012-02-07,2012,day,0.136,0.445,9,-6.82,1,0.0328,0.509,2.7e-6,0.163,0.193,186.477,1rHTVgTsWABA18jRI7RnDW,https://api.spotify.com/v1/audio-analysis/1rHTVgTsWABA18jRI7RnDW,3,,,1,228013,FALSE,https://api.spotify.com/v1/tracks/1rHTVgTsWABA18jRI7RnDW,FALSE,Leonard,https://p.scdn.co/mp3-preview/76bf53d51a53151e15443077c4f9250e3c94805a?cid=32b061919ffd4e3886beaf5eae45c9eb,5,track,spotify:track:1rHTVgTsWABA18jRI7RnDW,https://open.spotify.com/track/1rHTVgTsWABA18jRI7RnDW,Tramp (Anniversary Edition),A,major,A major
Sharon Van Etten,2wJ4vsxWd7df7dRU4KcoDe,3M1lzYyBRm9azT5rGkEdQS,album,,2012-02-07,2012,day,0.449,0.412,4,-6.06,0,0.0277,0.489,1.57e-4,0.0834,0.131,102.935,43xYH9HxcqvA5RUS339pLf,https://api.spotify.com/v1/audio-analysis/43xYH9HxcqvA5RUS339pLf,3,,,1,284280,FALSE,https://api.spotify.com/v1/tracks/43xYH9HxcqvA5RUS339pLf,FALSE,In Line,https://p.scdn.co/mp3-preview/6761448c5ec2dbb715c33aed4ae7c1b87d868129?cid=32b061919ffd4e3886beaf5eae45c9eb,6,track,spotify:track:43xYH9HxcqvA5RUS339pLf,https://open.spotify.com/track/43xYH9HxcqvA5RUS339pLf,Tramp (Anniversary Edition),E,minor,E minor
Sharon Van Etten,2wJ4vsxWd7df7dRU4KcoDe,3M1lzYyBRm9azT5rGkEdQS,album,,2012-02-07,2012,day,0.401,0.466,2,-7.406,1,0.0293,0.0141,3.09e-6,0.0863,0.0886,78.003,7bMVTIOTICfZROkYXH3lnI,https://api.spotify.com/v1/audio-analysis/7bMVTIOTICfZROkYXH3lnI,4,,,1,294600,FALSE,https://api.spotify.com/v1/tracks/7bMVTIOTICfZROkYXH3lnI,FALSE,All I Can,https://p.scdn.co/mp3-preview/be1377a245a5707df60a2cb85ea7374cc48f8b6a?cid=32b061919ffd4e3886beaf5eae45c9eb,7,track,spotify:track:7bMVTIOTICfZROkYXH3lnI,https://open.spotify.com/track/7bMVTIOTICfZROkYXH3lnI,Tramp (Anniversary Edition),D,major,D major
Sharon Van Etten,2wJ4vsxWd7df7dRU4KcoDe,3M1lzYyBRm9azT5rGkEdQS,album,,2012-02-07,2012,day,0.425,0.322,0,-8.677,1,0.0291,0.633,0.00643,0.0989,0.0959,107.83,1TB6dVtvYrsJIaSqhpTvZV,https://api.spotify.com/v1/audio-analysis/1TB6dVtvYrsJIaSqhpTvZV,4,,,1,229213,FALSE,https://api.spotify.com/v1/tracks/1TB6dVtvYrsJIaSqhpTvZV,FALSE,We Are Fine,https://p.scdn.co/mp3-preview/dc9e97bdba3eda14554fa6db24a13123d6fbc594?cid=32b061919ffd4e3886beaf5eae45c9eb,8,track,spotify:track:1TB6dVtvYrsJIaSqhpTvZV,https://open.spotify.com/track/1TB6dVtvYrsJIaSqhpTvZV,Tramp (Anniversary Edition),C,major,C major
Sharon Van Etten,2wJ4vsxWd7df7dRU4KcoDe,3M1lzYyBRm9azT5rGkEdQS,album,,2012-02-07,2012,day,0.282,0.473,5,-9.161,0,0.032,0.398,1.08e-5,0.0875,0.212,89.334,1wKxitsSLI4yi54DDeTOod,https://api.spotify.com/v1/audio-analysis/1wKxitsSLI4yi54DDeTOod,4,,,1,236173,FALSE,https://api.spotify.com/v1/tracks/1wKxitsSLI4yi54DDeTOod,FALSE,Magic Chords,https://p.scdn.co/mp3-preview/cb74fc8bb499bff1c4536c752675822e7e4ec11b?cid=32b061919ffd4e3886beaf5eae45c9eb,9,track,spotify:track:1wKxitsSLI4yi54DDeTOod,https://open.spotify.com/track/1wKxitsSLI4yi54DDeTOod,Tramp (Anniversary Edition),F,minor,F minor
Sharon Van Etten,2wJ4vsxWd7df7dRU4KcoDe,3M1lzYyBRm9azT5rGkEdQS,album,,2012-02-07,2012,day,0.316,0.344,7,-9.428,1,0.0332,0.797,0,0.104,0.0732,108.081,68wXlHrnRrbARauQ22tmRB,https://api.spotify.com/v1/audio-analysis/68wXlHrnRrbARauQ22tmRB,4,,,1,201946,FALSE,https://api.spotify.com/v1/tracks/68wXlHrnRrbARauQ22tmRB,FALSE,Ask,https://p.scdn.co/mp3-preview/6522976b4227128933268f16c52040599d3e04f8?cid=32b061919ffd4e3886beaf5eae45c9eb,10,track,spotify:track:68wXlHrnRrbARauQ22tmRB,https://open.spotify.com/track/68wXlHrnRrbARauQ22tmRB,Tramp (Anniversary Edition),G,major,G major
Sharon Van Etten,2wJ4vsxWd7df7dRU4KcoDe,3M1lzYyBRm9azT5rGkEdQS,album,,2012-02-07,2012,day,0.177,0.411,2,-7.234,1,0.0299,0.668,3.4e-4,0.149,0.159,136.092,6monx8hOiltzaCctn4whlG,https://api.spotify.com/v1/audio-analysis/6monx8hOiltzaCctn4whlG,5,,,1,235146,FALSE,https://api.spotify.com/v1/tracks/6monx8hOiltzaCctn4whlG,FALSE,I'm Wrong,https://p.scdn.co/mp3-preview/a88e78a48650404ebcf06d86a69f47ee4aad4dac?cid=32b061919ffd4e3886beaf5eae45c9eb,11,track,spotify:track:6monx8hOiltzaCctn4whlG,https://open.spotify.com/track/6monx8hOiltzaCctn4whlG,Tramp (Anniversary Edition),D,major,D major
Sharon Van Etten,2wJ4vsxWd7df7dRU4KcoDe,3M1lzYyBRm9azT5rGkEdQS,album,,2012-02-07,2012,day,0.108,0.0595,7,-12.859,1,0.0366,0.854,2.13e-4,0.114,0.0843,76.992,3gNiKJiAmQtW97ALhcX8Fo,https://api.spotify.com/v1/audio-analysis/3gNiKJiAmQtW97ALhcX8Fo,3,,,1,242720,FALSE,https://api.spotify.com/v1/tracks/3gNiKJiAmQtW97ALhcX8Fo,FALSE,Joke or a Lie,https://p.scdn.co/mp3-preview/6e2f2c7fec7cfb7834a2461b27316b66c06935ba?cid=32b061919ffd4e3886beaf5eae45c9eb,12,track,spotify:track:3gNiKJiAmQtW97ALhcX8Fo,https://open.spotify.com/track/3gNiKJiAmQtW97ALhcX8Fo,Tramp (Anniversary Edition),G,major,G major
Sharon Van Etten,2wJ4vsxWd7df7dRU4KcoDe,3M1lzYyBRm9azT5rGkEdQS,album,,2012-02-07,2012,day,0.541,0.845,8,-5.977,0,0.0296,0.488,9.91e-6,0.168,0.0657,94.008,5smM0S2sPgUGflcRgbCPBK,https://api.spotify.com/v1/audio-analysis/5smM0S2sPgUGflcRgbCPBK,5,,,1,180177,FALSE,https://api.spotify.com/v1/tracks/5smM0S2sPgUGflcRgbCPBK,FALSE,This Is Too Right,https://p.scdn.co/mp3-preview/13ae32320024d0b50c62a116b87b6a20e7c8ca0a?cid=32b061919ffd4e3886beaf5eae45c9eb,13,track,spotify:track:5smM0S2sPgUGflcRgbCPBK,https://open.spotify.com/track/5smM0S2sPgUGflcRgbCPBK,Tramp (Anniversary Edition),G#,minor,G# minor
Sharon Van Etten,2wJ4vsxWd7df7dRU4KcoDe,7mfSdEokzQjI5AxwrRauZv,album,,2010-09-21,2010,day,0.441,0.462,6,-8.079,0,0.0363,0.458,0,0.217,0.209,78.654,7qgaeP5LiVV168tpHcqO8g,https://api.spotify.com/v1/audio-analysis/7qgaeP5LiVV168tpHcqO8g,4,,,1,193946,FALSE,https://api.spotify.com/v1/tracks/7qgaeP5LiVV168tpHcqO8g,FALSE,A Crime,https://p.scdn.co/mp3-preview/14e897129072134dcaa1cc575313553db1bb14b5?cid=32b061919ffd4e3886beaf5eae45c9eb,1,track,spotify:track:7qgaeP5LiVV168tpHcqO8g,https://open.spotify.com/track/7qgaeP5LiVV168tpHcqO8g,Epic,F#,minor,F# minor
Sharon Van Etten,2wJ4vsxWd7df7dRU4KcoDe,7mfSdEokzQjI5AxwrRauZv,album,,2010-09-21,2010,day,0.572,0.879,2,-6.575,1,0.0358,0.1,0.212,0.0768,0.58,128.034,6dIBSqoqJ6VS8OWhtbDZyu,https://api.spotify.com/v1/audio-analysis/6dIBSqoqJ6VS8OWhtbDZyu,4,,,1,173160,FALSE,https://api.spotify.com/v1/tracks/6dIBSqoqJ6VS8OWhtbDZyu,FALSE,Peace Signs,https://p.scdn.co/mp3-preview/ac7cca1ead73abafbe3eaba5ad0e479fab8777ab?cid=32b061919ffd4e3886beaf5eae45c9eb,2,track,spotify:track:6dIBSqoqJ6VS8OWhtbDZyu,https://open.spotify.com/track/6dIBSqoqJ6VS8OWhtbDZyu,Epic,D,major,D major
Sharon Van Etten,2wJ4vsxWd7df7dRU4KcoDe,7mfSdEokzQjI5AxwrRauZv,album,,2010-09-21,2010,day,0.524,0.584,2,-6.688,1,0.0236,0.107,4.05e-5,0.0867,0.317,76.195,2CedRtCvSQXff5I4yjJKha,https://api.spotify.com/v1/audio-analysis/2CedRtCvSQXff5I4yjJKha,4,,,1,299720,FALSE,https://api.spotify.com/v1/tracks/2CedRtCvSQXff5I4yjJKha,FALSE,Save Yourself,https://p.scdn.co/mp3-preview/0fc75a8863dbb2b001a88e13142fb6d6336d6aa8?cid=32b061919ffd4e3886beaf5eae45c9eb,3,track,spotify:track:2CedRtCvSQXff5I4yjJKha,https://open.spotify.com/track/2CedRtCvSQXff5I4yjJKha,Epic,D,major,D major
Sharon Van Etten,2wJ4vsxWd7df7dRU4KcoDe,7mfSdEokzQjI5AxwrRauZv,album,,2010-09-21,2010,day,0.11,0.286,3,-10.2,1,0.0429,0.836,9.61e-5,0.389,0.0876,73.245,00r2NL4OsWabgi5tQdxJ7K,https://api.spotify.com/v1/audio-analysis/00r2NL4OsWabgi5tQdxJ7K,4,,,1,361040,FALSE,https://api.spotify.com/v1/tracks/00r2NL4OsWabgi5tQdxJ7K,FALSE,Dsharpg,https://p.scdn.co/mp3-preview/1edefc18f1e042aa3f1af04e4efdcb8e991b974c?cid=32b061919ffd4e3886beaf5eae45c9eb,4,track,spotify:track:00r2NL4OsWabgi5tQdxJ7K,https://open.spotify.com/track/00r2NL4OsWabgi5tQdxJ7K,Epic,D#,major,D# major
Sharon Van Etten,2wJ4vsxWd7df7dRU4KcoDe,7mfSdEokzQjI5AxwrRauZv,album,,2010-09-21,2010,day,0.21,0.68,6,-6.436,1,0.0322,0.0308,0.0259,0.105,0.176,166.506,3hz7gbHVcObYH4BG2KR2sy,https://api.spotify.com/v1/audio-analysis/3hz7gbHVcObYH4BG2KR2sy,4,,,1,305600,FALSE,https://api.spotify.com/v1/tracks/3hz7gbHVcObYH4BG2KR2sy,FALSE,Don't Do It,https://p.scdn.co/mp3-preview/6e38cdf9c78a6b3f51a690838bc3e23e013bfa9f?cid=32b061919ffd4e3886beaf5eae45c9eb,5,track,spotify:track:3hz7gbHVcObYH4BG2KR2sy,https://open.spotify.com/track/3hz7gbHVcObYH4BG2KR2sy,Epic,F#,major,F# major
Sharon Van Etten,2wJ4vsxWd7df7dRU4KcoDe,7mfSdEokzQjI5AxwrRauZv,album,,2010-09-21,2010,day,0.596,0.525,4,-6.994,1,0.0283,0.0631,0,0.348,0.469,120.064,5th3rj1nW25bm5iSLiK3i9,https://api.spotify.com/v1/audio-analysis/5th3rj1nW25bm5iSLiK3i9,4,,,1,283573,FALSE,https://api.spotify.com/v1/tracks/5th3rj1nW25bm5iSLiK3i9,FALSE,One Day,https://p.scdn.co/mp3-preview/36abd51a252cff1521c62706cf1b0842d2284980?cid=32b061919ffd4e3886beaf5eae45c9eb,6,track,spotify:track:5th3rj1nW25bm5iSLiK3i9,https://open.spotify.com/track/5th3rj1nW25bm5iSLiK3i9,Epic,E,major,E major
Sharon Van Etten,2wJ4vsxWd7df7dRU4KcoDe,7mfSdEokzQjI5AxwrRauZv,album,,2010-09-21,2010,day,0.274,0.13,1,-11.393,1,0.0342,0.282,3.93e-5,0.0797,0.0391,139.961,6SHfaJ1GWWSbMNc7ekQgHp,https://api.spotify.com/v1/audio-analysis/6SHfaJ1GWWSbMNc7ekQgHp,4,,,1,314066,FALSE,https://api.spotify.com/v1/tracks/6SHfaJ1GWWSbMNc7ekQgHp,FALSE,Love More,https://p.scdn.co/mp3-preview/022b6c6c4776d85d30febbe012d5c3f9e6a8d269?cid=32b061919ffd4e3886beaf5eae45c9eb,7,track,spotify:track:6SHfaJ1GWWSbMNc7ekQgHp,https://open.spotify.com/track/6SHfaJ1GWWSbMNc7ekQgHp,Epic,C#,major,C# major
Sharon Van Etten,2wJ4vsxWd7df7dRU4KcoDe,04hbnZg2TBWP0opEaOdoaV,album,,2009-05-26,2009,day,0.359,0.121,4,-10.514,1,0.0328,0.953,1.35e-4,0.09,0.158,111.793,3VLW5iV89YorFPjo2uaK6w,https://api.spotify.com/v1/audio-analysis/3VLW5iV89YorFPjo2uaK6w,4,,,1,229626,FALSE,https://api.spotify.com/v1/tracks/3VLW5iV89YorFPjo2uaK6w,FALSE,I Wish I Knew,https://p.scdn.co/mp3-preview/8f76ae393184e790cf3079d35c6ccfe12f7ddbc1?cid=32b061919ffd4e3886beaf5eae45c9eb,1,track,spotify:track:3VLW5iV89YorFPjo2uaK6w,https://open.spotify.com/track/3VLW5iV89YorFPjo2uaK6w,(It Was) Because I Was in Love (Deluxe Reissue),E,major,E major
Sharon Van Etten,2wJ4vsxWd7df7dRU4KcoDe,04hbnZg2TBWP0opEaOdoaV,album,,2009-05-26,2009,day,0.385,0.365,11,-9.348,0,0.0296,0.651,0.0406,0.114,0.0635,119.091,4siYVHOjNiOjedwJWZJmMR,https://api.spotify.com/v1/audio-analysis/4siYVHOjNiOjedwJWZJmMR,4,,,1,242960,FALSE,https://api.spotify.com/v1/tracks/4siYVHOjNiOjedwJWZJmMR,FALSE,Consolation Prize,https://p.scdn.co/mp3-preview/26470b2cf0de296de402e00a5a5d97cd8a8ffe5f?cid=32b061919ffd4e3886beaf5eae45c9eb,2,track,spotify:track:4siYVHOjNiOjedwJWZJmMR,https://open.spotify.com/track/4siYVHOjNiOjedwJWZJmMR,(It Was) Because I Was in Love (Deluxe Reissue),B,minor,B minor
Sharon Van Etten,2wJ4vsxWd7df7dRU4KcoDe,04hbnZg2TBWP0opEaOdoaV,album,,2009-05-26,2009,day,0.362,0.394,1,-7.1,0,0.0263,0.822,2.72e-4,0.111,0.0738,86.036,5WbgfhvWXfZkNr99dbHcRq,https://api.spotify.com/v1/audio-analysis/5WbgfhvWXfZkNr99dbHcRq,4,,,1,150533,FALSE,https://api.spotify.com/v1/tracks/5WbgfhvWXfZkNr99dbHcRq,FALSE,For You,https://p.scdn.co/mp3-preview/2ad0794ad2cec15f6cd19d9653981fa978e1d390?cid=32b061919ffd4e3886beaf5eae45c9eb,3,track,spotify:track:5WbgfhvWXfZkNr99dbHcRq,https://open.spotify.com/track/5WbgfhvWXfZkNr99dbHcRq,(It Was) Because I Was in Love (Deluxe Reissue),C#,minor,C# minor
Sharon Van Etten,2wJ4vsxWd7df7dRU4KcoDe,04hbnZg2TBWP0opEaOdoaV,album,,2009-05-26,2009,day,0.348,0.295,3,-9.593,1,0.0304,0.846,0.21,0.101,0.0392,116.064,3PpEsGlNCQlT7RrrtUQii7,https://api.spotify.com/v1/audio-analysis/3PpEsGlNCQlT7RrrtUQii7,4,,,1,206133,FALSE,https://api.spotify.com/v1/tracks/3PpEsGlNCQlT7RrrtUQii7,FALSE,I Fold,https://p.scdn.co/mp3-preview/50d8d13f1f16af5102fcbd0a58e22bcb247ac535?cid=32b061919ffd4e3886beaf5eae45c9eb,4,track,spotify:track:3PpEsGlNCQlT7RrrtUQii7,https://open.spotify.com/track/3PpEsGlNCQlT7RrrtUQii7,(It Was) Because I Was in Love (Deluxe Reissue),D#,major,D# major
Sharon Van Etten,2wJ4vsxWd7df7dRU4KcoDe,04hbnZg2TBWP0opEaOdoaV,album,,2009-05-26,2009,day,0.532,0.192,1,-8.856,1,0.0271,0.881,6.9e-4,0.106,0.212,92.218,7D9V1gdfEzr0Xy3p8s8kFt,https://api.spotify.com/v1/audio-analysis/7D9V1gdfEzr0Xy3p8s8kFt,4,,,1,196093,FALSE,https://api.spotify.com/v1/tracks/7D9V1gdfEzr0Xy3p8s8kFt,FALSE,Have You Seen,https://p.scdn.co/mp3-preview/635009a3c9950e5c8f261a36a33d978bd41124e9?cid=32b061919ffd4e3886beaf5eae45c9eb,5,track,spotify:track:7D9V1gdfEzr0Xy3p8s8kFt,https://open.spotify.com/track/7D9V1gdfEzr0Xy3p8s8kFt,(It Was) Because I Was in Love (Deluxe Reissue),C#,major,C# major
Sharon Van Etten,2wJ4vsxWd7df7dRU4KcoDe,04hbnZg2TBWP0opEaOdoaV,album,,2009-05-26,2009,day,0.33,0.207,4,-7.914,1,0.032,0.836,0,0.107,0.173,117.966,3cHp1k6SooXdmr2isfzE6E,https://api.spotify.com/v1/audio-analysis/3cHp1k6SooXdmr2isfzE6E,4,,,1,271080,FALSE,https://api.spotify.com/v1/tracks/3cHp1k6SooXdmr2isfzE6E,FALSE,Tornado,https://p.scdn.co/mp3-preview/ea9bd1dc5d7d8c78c0815550a07b1051bb710659?cid=32b061919ffd4e3886beaf5eae45c9eb,6,track,spotify:track:3cHp1k6SooXdmr2isfzE6E,https://open.spotify.com/track/3cHp1k6SooXdmr2isfzE6E,(It Was) Because I Was in Love (Deluxe Reissue),E,major,E major
Sharon Van Etten,2wJ4vsxWd7df7dRU4KcoDe,04hbnZg2TBWP0opEaOdoaV,album,,2009-05-26,2009,day,0.351,0.169,0,-13.161,1,0.0268,0.964,0.0105,0.116,0.137,101.79,32Q4jtn4eyMCisghU61SzE,https://api.spotify.com/v1/audio-analysis/32Q4jtn4eyMCisghU61SzE,4,,,1,273226,FALSE,https://api.spotify.com/v1/tracks/32Q4jtn4eyMCisghU61SzE,FALSE,Much More Than That,https://p.scdn.co/mp3-preview/de802d452755a8e335bc8f82cc0aa429d5e61a4e?cid=32b061919ffd4e3886beaf5eae45c9eb,7,track,spotify:track:32Q4jtn4eyMCisghU61SzE,https://open.spotify.com/track/32Q4jtn4eyMCisghU61SzE,(It Was) Because I Was in Love (Deluxe Reissue),C,major,C major
Sharon Van Etten,2wJ4vsxWd7df7dRU4KcoDe,04hbnZg2TBWP0opEaOdoaV,album,,2009-05-26,2009,day,0.356,0.15,9,-11.333,1,0.0266,0.965,5.65e-4,0.109,0.166,84.981,3eQr52qX2zb2dKpZMH1cOm,https://api.spotify.com/v1/audio-analysis/3eQr52qX2zb2dKpZMH1cOm,3,,,1,194266,FALSE,https://api.spotify.com/v1/tracks/3eQr52qX2zb2dKpZMH1cOm,FALSE,Same Dream,https://p.scdn.co/mp3-preview/1cd4dbda4d3a75b1b9187d8cd8e74b0e025b9d23?cid=32b061919ffd4e3886beaf5eae45c9eb,8,track,spotify:track:3eQr52qX2zb2dKpZMH1cOm,https://open.spotify.com/track/3eQr52qX2zb2dKpZMH1cOm,(It Was) Because I Was in Love (Deluxe Reissue),A,major,A major
Sharon Van Etten,2wJ4vsxWd7df7dRU4KcoDe,04hbnZg2TBWP0opEaOdoaV,album,,2009-05-26,2009,day,0.288,0.188,7,-12.293,1,0.0319,0.954,2.28e-4,0.11,0.117,100.816,3Pm3orZ6JyYIqKRtfzKUAz,https://api.spotify.com/v1/audio-analysis/3Pm3orZ6JyYIqKRtfzKUAz,4,,,1,298960,FALSE,https://api.spotify.com/v1/tracks/3Pm3orZ6JyYIqKRtfzKUAz,FALSE,Keep,https://p.scdn.co/mp3-preview/9977cd7268fc7df3690a0acb0cd6c7881f535409?cid=32b061919ffd4e3886beaf5eae45c9eb,9,track,spotify:track:3Pm3orZ6JyYIqKRtfzKUAz,https://open.spotify.com/track/3Pm3orZ6JyYIqKRtfzKUAz,(It Was) Because I Was in Love (Deluxe Reissue),G,major,G major
Sharon Van Etten,2wJ4vsxWd7df7dRU4KcoDe,04hbnZg2TBWP0opEaOdoaV,album,,2009-05-26,2009,day,0.325,0.598,2,-6.1,1,0.0321,0.55,0.00375,0.0864,0.146,84.342,6W5oN8VU7vhvgXtbGMVAeg,https://api.spotify.com/v1/audio-analysis/6W5oN8VU7vhvgXtbGMVAeg,4,,,1,254253,FALSE,https://api.spotify.com/v1/tracks/6W5oN8VU7vhvgXtbGMVAeg,FALSE,It's Not Like,https://p.scdn.co/mp3-preview/1a1c703ae21a5425018852ec7c6f7f94f9ff4e74?cid=32b061919ffd4e3886beaf5eae45c9eb,10,track,spotify:track:6W5oN8VU7vhvgXtbGMVAeg,https://open.spotify.com/track/6W5oN8VU7vhvgXtbGMVAeg,(It Was) Because I Was in Love (Deluxe Reissue),D,major,D major
Sharon Van Etten,2wJ4vsxWd7df7dRU4KcoDe,04hbnZg2TBWP0opEaOdoaV,album,,2009-05-26,2009,day,0.368,0.0942,6,-11.246,0,0.0394,0.975,1.04e-5,0.1,0.19,74.253,28lQhPKkFWGhAL1nn9LtMC,https://api.spotify.com/v1/audio-analysis/28lQhPKkFWGhAL1nn9LtMC,3,,,1,369066,FALSE,https://api.spotify.com/v1/tracks/28lQhPKkFWGhAL1nn9LtMC,FALSE,Holding Out,https://p.scdn.co/mp3-preview/9fbd0dc29193c7a5f5ecf1aa5cb70c451cc75347?cid=32b061919ffd4e3886beaf5eae45c9eb,11,track,spotify:track:28lQhPKkFWGhAL1nn9LtMC,https://open.spotify.com/track/28lQhPKkFWGhAL1nn9LtMC,(It Was) Because I Was in Love (Deluxe Reissue),F#,minor,F# minor
Sharon Van Etten,2wJ4vsxWd7df7dRU4KcoDe,04hbnZg2TBWP0opEaOdoaV,album,,2009-05-26,2009,day,0.139,0.283,7,-8.301,1,0.0309,0.84,5.15e-4,0.0975,0.0392,73.465,6MOQ1lvRp2hGZNxXbNEFCA,https://api.spotify.com/v1/audio-analysis/6MOQ1lvRp2hGZNxXbNEFCA,4,,,1,242240,FALSE,https://api.spotify.com/v1/tracks/6MOQ1lvRp2hGZNxXbNEFCA,FALSE,I'm Giving up on You,https://p.scdn.co/mp3-preview/bb2da110eafbc3f80aeadb95139b6ad9ac60a7c5?cid=32b061919ffd4e3886beaf5eae45c9eb,12,track,spotify:track:6MOQ1lvRp2hGZNxXbNEFCA,https://open.spotify.com/track/6MOQ1lvRp2hGZNxXbNEFCA,(It Was) Because I Was in Love (Deluxe Reissue),G,major,G major
Sharon Van Etten,2wJ4vsxWd7df7dRU4KcoDe,04hbnZg2TBWP0opEaOdoaV,album,,2009-05-26,2009,day,0.427,0.275,3,-8.826,1,0.0283,0.924,9.34e-5,0.108,0.0956,125.166,2EyHo31vNqKs7oVKayyVi6,https://api.spotify.com/v1/audio-analysis/2EyHo31vNqKs7oVKayyVi6,4,,,1,242775,FALSE,https://api.spotify.com/v1/tracks/2EyHo31vNqKs7oVKayyVi6,FALSE,You Didn't Really Do That,https://p.scdn.co/mp3-preview/d25f4dcc9f4750524fb16d1aa468595b86fbbf25?cid=32b061919ffd4e3886beaf5eae45c9eb,13,track,spotify:track:2EyHo31vNqKs7oVKayyVi6,https://open.spotify.com/track/2EyHo31vNqKs7oVKayyVi6,(It Was) Because I Was in Love (Deluxe Reissue),D#,major,D# major
Sharon Van Etten,2wJ4vsxWd7df7dRU4KcoDe,3r8mKxg4RO934B6fksLCqN,album,,2009-05-20,2009,day,0.412,0.0333,4,-15.608,1,0.032,0.99,0.565,0.117,0.176,56.425,3oxzFERSMgMaCPZGshSpHp,https://api.spotify.com/v1/audio-analysis/3oxzFERSMgMaCPZGshSpHp,4,,,1,227693,FALSE,https://api.spotify.com/v1/tracks/3oxzFERSMgMaCPZGshSpHp,FALSE,I Wish I Knew,https://p.scdn.co/mp3-preview/eb8ff007e310ca9de0a5e3b382bff83c202df259?cid=32b061919ffd4e3886beaf5eae45c9eb,1,track,spotify:track:3oxzFERSMgMaCPZGshSpHp,https://open.spotify.com/track/3oxzFERSMgMaCPZGshSpHp,Because I Was In Love,E,major,E major
Sharon Van Etten,2wJ4vsxWd7df7dRU4KcoDe,3r8mKxg4RO934B6fksLCqN,album,,2009-05-20,2009,day,0.412,0.196,11,-15.714,0,0.0338,0.931,0.689,0.107,0.0757,117.99,1rvsWurvB8VkqYT63XmJLD,https://api.spotify.com/v1/audio-analysis/1rvsWurvB8VkqYT63XmJLD,4,,,1,243800,FALSE,https://api.spotify.com/v1/tracks/1rvsWurvB8VkqYT63XmJLD,FALSE,Consolation Prize,https://p.scdn.co/mp3-preview/017058a31cb9adfb2f1e6e0a093f2c6207316ddd?cid=32b061919ffd4e3886beaf5eae45c9eb,2,track,spotify:track:1rvsWurvB8VkqYT63XmJLD,https://open.spotify.com/track/1rvsWurvB8VkqYT63XmJLD,Because I Was In Love,B,minor,B minor
Sharon Van Etten,2wJ4vsxWd7df7dRU4KcoDe,3r8mKxg4RO934B6fksLCqN,album,,2009-05-20,2009,day,0.422,0.224,1,-15.044,0,0.0278,0.902,0.408,0.11,0.168,86.051,3fZUSiSY60HxvwF5p8et1X,https://api.spotify.com/v1/audio-analysis/3fZUSiSY60HxvwF5p8et1X,4,,,1,151906,FALSE,https://api.spotify.com/v1/tracks/3fZUSiSY60HxvwF5p8et1X,FALSE,For You,https://p.scdn.co/mp3-preview/e4cc903fc78f1cb03b701be6da3d1a8c113e2c4a?cid=32b061919ffd4e3886beaf5eae45c9eb,3,track,spotify:track:3fZUSiSY60HxvwF5p8et1X,https://open.spotify.com/track/3fZUSiSY60HxvwF5p8et1X,Because I Was In Love,C#,minor,C# minor
Sharon Van Etten,2wJ4vsxWd7df7dRU4KcoDe,3r8mKxg4RO934B6fksLCqN,album,,2009-05-20,2009,day,0.352,0.145,3,-15.813,1,0.031,0.957,0.796,0.106,0.124,116.641,1258jas2GeowQ4SnrEWyAG,https://api.spotify.com/v1/audio-analysis/1258jas2GeowQ4SnrEWyAG,4,,,1,206800,FALSE,https://api.spotify.com/v1/tracks/1258jas2GeowQ4SnrEWyAG,FALSE,I Fold,https://p.scdn.co/mp3-preview/3a64eb265c21c0577f1c45154fdb3f92aeb1baa2?cid=32b061919ffd4e3886beaf5eae45c9eb,4,track,spotify:track:1258jas2GeowQ4SnrEWyAG,https://open.spotify.com/track/1258jas2GeowQ4SnrEWyAG,Because I Was In Love,D#,major,D# major
Sharon Van Etten,2wJ4vsxWd7df7dRU4KcoDe,3r8mKxg4RO934B6fksLCqN,album,,2009-05-20,2009,day,0.55,0.0488,1,-18.833,1,0.0285,0.974,0.495,0.0951,0.254,91.793,28sBNaHhtr8SuuyEtDFQpN,https://api.spotify.com/v1/audio-analysis/28sBNaHhtr8SuuyEtDFQpN,4,,,1,194986,FALSE,https://api.spotify.com/v1/tracks/28sBNaHhtr8SuuyEtDFQpN,FALSE,Have You Seen,https://p.scdn.co/mp3-preview/0bfb99c6436e78811ba0b0876ac6d8b5c791b388?cid=32b061919ffd4e3886beaf5eae45c9eb,5,track,spotify:track:28sBNaHhtr8SuuyEtDFQpN,https://open.spotify.com/track/28sBNaHhtr8SuuyEtDFQpN,Because I Was In Love,C#,major,C# major
Sharon Van Etten,2wJ4vsxWd7df7dRU4KcoDe,3r8mKxg4RO934B6fksLCqN,album,,2009-05-20,2009,day,0.365,0.0597,4,-16.746,1,0.0335,0.963,2.93e-4,0.0789,0.151,121.791,1cYnwO4nOm3EckK5PftJkV,https://api.spotify.com/v1/audio-analysis/1cYnwO4nOm3EckK5PftJkV,4,,,1,271320,FALSE,https://api.spotify.com/v1/tracks/1cYnwO4nOm3EckK5PftJkV,FALSE,Tornado,https://p.scdn.co/mp3-preview/fbac86c75cd133cef1d429aeb300af0c570c9ce2?cid=32b061919ffd4e3886beaf5eae45c9eb,6,track,spotify:track:1cYnwO4nOm3EckK5PftJkV,https://open.spotify.com/track/1cYnwO4nOm3EckK5PftJkV,Because I Was In Love,E,major,E major
Sharon Van Etten,2wJ4vsxWd7df7dRU4KcoDe,3r8mKxg4RO934B6fksLCqN,album,,2009-05-20,2009,day,0.245,0.0863,0,-17.539,1,0.0351,0.984,0.733,0.111,0.158,204.205,30O3hsT0zy8dx7dasDqS02,https://api.spotify.com/v1/audio-analysis/30O3hsT0zy8dx7dasDqS02,4,,,1,272346,FALSE,https://api.spotify.com/v1/tracks/30O3hsT0zy8dx7dasDqS02,FALSE,Much More Than That,https://p.scdn.co/mp3-preview/1b047b61c813f78423b8c940a24dce8c998ba11f?cid=32b061919ffd4e3886beaf5eae45c9eb,7,track,spotify:track:30O3hsT0zy8dx7dasDqS02,https://open.spotify.com/track/30O3hsT0zy8dx7dasDqS02,Because I Was In Love,C,major,C major
Sharon Van Etten,2wJ4vsxWd7df7dRU4KcoDe,3r8mKxg4RO934B6fksLCqN,album,,2009-05-20,2009,day,0.342,0.0428,11,-16.952,0,0.035,0.99,0.312,0.111,0.204,102.859,0DUnP25h31iYRE3W07UoKc,https://api.spotify.com/v1/audio-analysis/0DUnP25h31iYRE3W07UoKc,4,,,1,194320,FALSE,https://api.spotify.com/v1/tracks/0DUnP25h31iYRE3W07UoKc,FALSE,Same Dream,https://p.scdn.co/mp3-preview/9865d7922d4ade6a0e86553dfe2e2f9765c2fdb0?cid=32b061919ffd4e3886beaf5eae45c9eb,8,track,spotify:track:0DUnP25h31iYRE3W07UoKc,https://open.spotify.com/track/0DUnP25h31iYRE3W07UoKc,Because I Was In Love,B,minor,B minor
Sharon Van Etten,2wJ4vsxWd7df7dRU4KcoDe,3r8mKxg4RO934B6fksLCqN,album,,2009-05-20,2009,day,0.238,0.072,7,-16.87,1,0.0395,0.98,0.3,0.11,0.148,97.073,1GclvMxqIVU3UVSt1DoocC,https://api.spotify.com/v1/audio-analysis/1GclvMxqIVU3UVSt1DoocC,4,,,1,299720,FALSE,https://api.spotify.com/v1/tracks/1GclvMxqIVU3UVSt1DoocC,FALSE,Keep,https://p.scdn.co/mp3-preview/6527c19a065008fa57544e3bc1e52e76fb9cadef?cid=32b061919ffd4e3886beaf5eae45c9eb,9,track,spotify:track:1GclvMxqIVU3UVSt1DoocC,https://open.spotify.com/track/1GclvMxqIVU3UVSt1DoocC,Because I Was In Love,G,major,G major
Sharon Van Etten,2wJ4vsxWd7df7dRU4KcoDe,3r8mKxg4RO934B6fksLCqN,album,,2009-05-20,2009,day,0.218,0.405,2,-10.783,1,0.0324,0.852,0.603,0.0863,0.218,170.674,4xHiftx35zFM4msqo5rU1S,https://api.spotify.com/v1/audio-analysis/4xHiftx35zFM4msqo5rU1S,4,,,1,253906,FALSE,https://api.spotify.com/v1/tracks/4xHiftx35zFM4msqo5rU1S,FALSE,It's Not Like,https://p.scdn.co/mp3-preview/c5126c1bbb76fb8323da1b3d63ad0cf5fdc1a02f?cid=32b061919ffd4e3886beaf5eae45c9eb,10,track,spotify:track:4xHiftx35zFM4msqo5rU1S,https://open.spotify.com/track/4xHiftx35zFM4msqo5rU1S,Because I Was In Love,D,major,D major
Sharon Van Etten,2wJ4vsxWd7df7dRU4KcoDe,3r8mKxg4RO934B6fksLCqN,album,,2009-05-20,2009,day,0.424,0.0303,6,-18.156,0,0.0402,0.99,0.0674,0.108,0.277,94.835,1Wf8ippvuOLJVvpVLWwiKH,https://api.spotify.com/v1/audio-analysis/1Wf8ippvuOLJVvpVLWwiKH,4,,,1,367866,FALSE,https://api.spotify.com/v1/tracks/1Wf8ippvuOLJVvpVLWwiKH,FALSE,Holding Out,https://p.scdn.co/mp3-preview/5e4bfbbb99d63df508044a69324c573585749323?cid=32b061919ffd4e3886beaf5eae45c9eb,11,track,spotify:track:1Wf8ippvuOLJVvpVLWwiKH,https://open.spotify.com/track/1Wf8ippvuOLJVvpVLWwiKH,Because I Was In Love,F#,minor,F# minor
